,bowler,matches,total_wickets,total_balls_bowled,total_runs,dot_balls,extra_runs,average,strike_rate,economy,best_figure,boundaries_4-6,most_balls_in_single_over
350,SL Malinga,122,170.0,10895,3486,1144.0,293,20.50588235294118,64.08823529411765,7.292887029288703,5-13,314-86,9
6,A Mishra,150,160.0,11563,3913,1125.0,125,24.45625,72.26875,7.396975425330813,5-17,222-172,9
276,PP Chawla,163,156.0,11594,4330,1137.0,134,27.756410256410255,74.32051282051282,7.930402930402931,4-21,316-181,8
99,DJ Bravo,137,153.0,10412,3869,860.0,210,25.287581699346404,68.05228758169935,8.447598253275109,4-22,305-138,9
133,Harbhajan Singh,157,150.0,12352,4038,1244.0,170,26.92,82.34666666666666,7.172291296625222,5-18,289-142,8
281,R Ashwin,151,138.0,11991,3756,1166.0,175,27.217391304347824,86.8913043478261,6.955555555555556,4-34,226-135,8
57,B Kumar,121,136.0,10104,3333,1155.0,201,24.50735294117647,74.29411764705883,7.341409691629956,5-20,336-88,9
358,SP Narine,119,127.0,10008,3208,1100.0,122,25.25984251968504,78.80314960629921,6.884120171673819,5-20,234-107,8
417,YS Chahal,98,121.0,7852,2782,750.0,133,22.99173553719008,64.89256198347107,7.749303621169917,4-25,158-135,9
396,UT Yadav,120,119.0,9664,3672,954.0,226,30.857142857142858,81.21008403361344,8.701421800947868,4-24,393-116,9
293,RA Jadeja,155,114.0,9792,3515,870.0,107,30.833333333333332,85.89473684210526,7.691466083150985,5-16,213-148,8
370,Sandeep Sharma,92,109.0,7702,2686,847.0,111,24.642201834862384,70.66055045871559,7.808139534883721,4-20,258-93,9
159,JJ Bumrah,92,109.0,7781,2655,810.0,142,24.357798165137616,71.38532110091744,7.585714285714285,4-14,232-79,9
8,A Nehra,88,106.0,7137,2537,798.0,115,23.933962264150942,67.33018867924528,7.928125,4-11,279-76,9
292,R Vinay Kumar,104,105.0,7800,3021,763.0,115,28.771428571428572,74.28571428571429,8.46218487394958,4-40,296-98,8
419,Z Khan,99,102.0,8217,2860,873.0,169,28.03921568627451,80.55882352941177,7.708894878706199,4-17,312-64,9
117,DW Steyn,95,97.0,8317,2568,1019.0,177,26.47422680412371,85.74226804123711,7.054945054945055,3-8,283-54,9
361,SR Watson,105,92.0,7849,2742,803.0,171,29.804347826086957,85.31521739130434,8.041055718475073,4-29,293-74,9
237,MM Sharma,86,92.0,6400,2488,643.0,60,27.043478260869566,69.56521739130434,8.377104377104377,4-14,261-82,9
303,RP Singh,82,90.0,6886,2417,744.0,181,26.855555555555554,76.5111111111111,8.08361204013378,4-22,254-70,9
264,P Kumar,119,90.0,9613,3342,1074.0,236,37.13333333333333,106.81111111111112,7.882075471698113,3-18,338-104,9
277,PP Ojha,90,89.0,6964,2399,667.0,138,26.95505617977528,78.24719101123596,7.544025157232705,3-11,146-97,9
115,DS Kulkarni,91,86.0,6774,2465,734.0,147,28.662790697674417,78.76744186046511,8.35593220338983,4-15,269-77,9
150,JA Morkel,87,85.0,6621,2409,645.0,153,28.341176470588234,77.89411764705882,8.364583333333334,4-32,264-56,9
153,JD Unadkat,79,81.0,6022,2447,540.0,70,30.209876543209877,74.34567901234568,8.833935018050541,5-25,203-108,8
141,IK Pathan,101,80.0,7604,2711,835.0,142,33.8875,95.05,7.857971014492754,3-25,293-82,9
78,CH Morris,70,80.0,5565,1966,583.0,115,24.575,69.5625,7.991869918699187,4-24,185-63,9
38,AR Patel,96,80.0,7301,2502,658.0,85,31.275,91.2625,7.42433234421365,4-21,158-96,9
143,Imran Tahir,58,80.0,4662,1713,423.0,63,21.4125,58.275,7.894009216589862,4-12,96-83,8
215,M Morkel,70,77.0,6203,2136,708.0,131,27.74025974025974,80.55844155844156,7.852941176470588,4-20,230-61,9
200,L Balaji,73,76.0,5691,2083,537.0,131,27.407894736842106,74.88157894736842,8.13671875,5-25,188-69,8
312,Rashid Khan,62,75.0,5265,1573,605.0,58,20.973333333333333,70.2,6.394308943089431,3-7,107-56,8
236,MM Patel,63,74.0,4919,1733,590.0,63,23.41891891891892,66.47297297297297,7.634361233480176,5-25,188-53,9
231,MJ McClenaghan,56,71.0,4976,1839,507.0,113,25.901408450704224,70.08450704225352,8.633802816901408,4-26,181-72,9
282,R Bhatia,91,71.0,5892,2059,436.0,73,29.0,82.98591549295774,7.514598540145985,4-15,120-68,7
138,I Sharma,90,71.0,7392,2681,817.0,196,37.76056338028169,104.11267605633803,8.326086956521738,5-13,303-75,9
20,AB Dinda,75,69.0,5814,2103,627.0,116,30.47826086956522,84.26086956521739,8.24705882352941,4-18,232-58,9
348,SK Trivedi,75,65.0,5620,1944,492.0,104,29.907692307692308,86.46153846153847,7.714285714285714,4-25,154-51,8
158,JH Kallis,89,65.0,6498,2348,601.0,126,36.12307692307692,99.96923076923076,8.06872852233677,3-15,236-58,8
386,TA Boult,48,63.0,4173,1597,446.0,66,25.349206349206348,66.23809523809524,8.586021505376344,4-18,190-48,8
216,M Muralitharan,66,63.0,5710,1755,598.0,123,27.857142857142858,90.63492063492063,6.882352941176471,3-11,104-66,9
176,K Rabada,35,61.0,3046,1136,304.0,76,18.62295081967213,49.9344262295082,8.352941176470589,4-21,110-36,8
227,MG Johnson,54,61.0,4769,1734,533.0,106,28.42622950819672,78.18032786885246,8.376811594202898,3-27,195-55,9
27,AD Russell,68,61.0,4282,1743,398.0,76,28.57377049180328,70.19672131147541,9.031088082901555,4-25,170-69,9
179,KA Pollard,92,60.0,5272,1975,360.0,109,32.916666666666664,87.86666666666666,8.856502242152466,4-44,152-70,9
247,Mohammed Shami,63,60.0,5111,2055,488.0,127,34.25,85.18333333333334,9.052863436123348,3-16,209-74,9
166,JP Faulkner,60,59.0,4613,1827,397.0,104,30.966101694915253,78.1864406779661,8.826086956521738,5-18,159-65,8
193,KV Sharma,66,59.0,4373,1645,407.0,52,27.88135593220339,74.11864406779661,7.985436893203883,4-17,87-91,8
373,Shakib Al Hasan,62,59.0,4846,1676,455.0,59,28.406779661016948,82.13559322033899,7.482142857142857,3-17,109-69,8
349,SK Warne,54,57.0,4383,1465,426.0,57,25.70175438596491,76.89473684210526,7.36180904522613,4-22,91-56,8
320,S Kaul,46,51.0,3706,1476,314.0,59,28.941176470588236,72.66666666666667,8.785714285714286,4-30,135-54,8
319,S Gopal,44,48.0,3172,1173,289.0,18,24.4375,66.08333333333333,7.87248322147651,4-16,69-58,7
325,S Nadeem,69,47.0,5062,1764,444.0,47,37.53191489361702,107.70212765957447,7.570815450643777,3-16,112-70,8
337,SB Jakati,57,47.0,3904,1474,337.0,52,31.361702127659573,83.06382978723404,8.098901098901099,4-23,97-60,8
182,KH Pandya,69,46.0,4627,1530,395.0,70,33.26086956521739,100.58695652173913,7.285714285714286,3-15,105-44,9
151,JC Archer,35,46.0,3117,1008,377.0,60,21.91304347826087,67.76086956521739,7.251798561151079,3-21,81-44,9
132,HV Patel,46,46.0,3523,1380,310.0,80,30.0,76.58695652173913,8.903225806451612,3-28,126-51,9
357,SN Thakur,44,46.0,3473,1355,327.0,65,29.456521739130434,75.5,8.914473684210526,3-19,131-50,9
108,DL Chahar,48,45.0,3822,1286,438.0,61,28.57777777777778,84.93333333333334,7.654761904761905,3-15,150-30,8
5,A Kumble,42,45.0,3488,1089,374.0,62,24.2,77.5111111111111,6.680981595092025,5-6,72-35,8
315,S Aravind,38,45.0,2855,1057,290.0,50,23.488888888888887,63.44444444444444,8.2578125,4-14,105-38,8
300,RJ Harris,37,45.0,3146,1085,364.0,87,24.11111111111111,69.91111111111111,7.805755395683454,4-34,119-27,9
416,YK Pathan,82,42.0,4273,1443,393.0,71,34.357142857142854,101.73809523809524,7.476683937823834,3-21,99-57,9
402,VR Aaron,48,42.0,3842,1474,381.0,122,35.095238095238095,91.47619047619048,9.042944785276074,3-16,152-51,9
131,HH Pandya,60,42.0,3354,1340,287.0,72,31.904761904761905,79.85714285714286,9.178082191780822,3-24,115-59,9
259,NM Coulter-Nile,32,41.0,2739,945,316.0,54,23.048780487804876,66.8048780487805,7.809917355371901,4-21,103-29,9
289,R Sharma,44,40.0,3293,1100,334.0,21,27.5,82.325,7.096774193548387,3-13,70-45,7
198,Kuldeep Yadav,43,40.0,3252,1251,262.0,41,31.275,81.3,8.34,4-20,62-66,8
330,S Sreesanth,44,40.0,3564,1221,399.0,109,30.525,89.1,8.25,3-30,130-39,9
144,Iqbal Abdulla,48,40.0,3376,1125,331.0,42,28.125,84.4,7.305194805194805,3-25,88-37,8
31,AJ Tye,27,40.0,2358,892,187.0,47,22.3,58.95,8.660194174757281,5-18,77-29,8
262,P Awana,33,39.0,2797,1046,293.0,46,26.82051282051282,71.71794871794872,8.368,4-34,107-35,9
248,Mohammed Siraj,35,39.0,2779,1101,272.0,65,28.23076923076923,71.25641025641026,9.099173553719009,4-32,97-54,9
225,MC Henriques,55,38.0,3316,1255,277.0,43,33.026315789473685,87.26315789473684,8.311258278145695,3-16,120-37,9
98,DE Bollinger,27,37.0,2181,716,254.0,53,19.35135135135135,58.945945945945944,7.381443298969073,4-14,73-19,8
241,MS Gony,44,37.0,3373,1317,348.0,67,35.5945945945946,91.16216216216216,8.89864864864865,3-31,135-53,8
418,Yuvraj Singh,73,36.0,3134,1091,258.0,27,30.305555555555557,87.05555555555556,7.472602739726027,4-29,59-41,7
274,PJ Sangwan,39,35.0,3134,1201,298.0,82,34.31428571428572,89.54285714285714,8.962686567164178,3-19,118-43,9
265,P Negi,42,34.0,2621,954,237.0,32,28.058823529411764,77.08823529411765,7.884297520661157,4-18,57-47,8
222,MA Starc,26,34.0,2258,725,232.0,69,21.323529411764707,66.41176470588235,7.474226804123711,4-20,77-8,9
116,DT Christian,40,34.0,2989,1062,268.0,61,31.235294117647058,87.91176470588235,8.106870229007633,2-10,88-34,9
185,KK Cooper,25,33.0,2189,789,184.0,64,23.90909090909091,66.33333333333333,8.21875,4-27,59-23,9
212,M Kartik,55,31.0,4249,1418,382.0,77,45.74193548387097,137.06451612903226,7.385416666666667,3-17,97-41,8
258,NLTC Perera,36,31.0,2542,1031,227.0,33,33.25806451612903,82.0,8.663865546218487,3-20,113-28,7
296,RD Chahar,30,30.0,2348,808,239.0,23,26.933333333333334,78.26666666666667,7.5514018691588785,3-19,53-38,9
273,PJ Cummins,30,29.0,2548,949,251.0,79,32.724137931034484,87.86206896551724,8.398230088495575,4-34,90-31,8
53,Azhar Mahmood,23,29.0,1971,707,199.0,26,24.379310344827587,67.96551724137932,7.769230769230769,3-20,73-18,8
19,AB Agarkar,42,29.0,3006,1174,254.0,62,40.48275862068966,103.65517241379311,8.961832061068701,3-25,113-41,8
239,MP Stoinis,37,28.0,2033,869,139.0,36,31.035714285714285,72.60714285714286,9.445652173913043,4-21,74-37,9
11,A Singh,23,28.0,1738,639,189.0,36,22.821428571428573,62.07142857142857,7.9875,4-19,67-17,9
387,TG Southee,40,28.0,3422,1316,328.0,71,47.0,122.21428571428571,8.891891891891891,3-25,135-42,8
109,DL Vettori,34,28.0,2765,894,270.0,23,31.928571428571427,98.75,6.824427480916031,3-15,67-24,7
111,DP Nannes,29,28.0,2569,815,285.0,81,29.107142857142858,91.75,7.477064220183486,3-27,89-15,9
62,BA Stokes,36,28.0,2606,993,226.0,67,35.464285714285715,93.07142857142857,8.787610619469026,3-16,96-31,8
278,PV Tambe,33,28.0,2409,866,204.0,32,30.928571428571427,86.03571428571429,7.872727272727273,4-20,64-28,8
226,MF Maharoof,20,27.0,1625,532,165.0,38,19.703703703703702,60.18518518518518,7.6,3-34,46-16,9
26,AD Mathews,44,27.0,2873,1095,224.0,41,40.55555555555556,106.4074074074074,8.233082706766917,4-20,98-29,8
184,KK Ahmed,17,27.0,1460,576,148.0,27,21.333333333333332,54.074074074074076,9.0,3-31,53-26,8
408,WD Parnell,26,26.0,2194,731,241.0,80,28.115384615384617,84.38461538461539,7.536082474226804,3-27,80-11,8
114,DR Smith,46,26.0,2011,825,168.0,38,31.73076923076923,77.34615384615384,9.166666666666666,4-8,75-33,8
134,Harmeet Singh,27,26.0,2002,713,189.0,48,27.423076923076923,77.0,8.01123595505618,3-25,66-20,8
59,B Lee,38,25.0,3343,1126,374.0,84,45.04,133.72,7.659863945578231,3-16,123-25,8
211,M Ashwin,31,25.0,2235,796,199.0,32,31.84,89.4,7.803921568627451,3-22,60-29,8
347,SK Raina,69,25.0,3328,1139,280.0,43,45.56,133.12,7.348387096774194,2-0,71-44,9
145,J Botha,34,25.0,2530,818,254.0,37,32.72,101.2,7.051724137931035,3-6,60-24,7
88,CR Woakes,18,25.0,1458,589,131.0,35,23.56,58.32,9.34920634920635,3-6,58-25,8
40,AS Rajpoot,29,24.0,2121,844,192.0,72,35.166666666666664,88.375,9.48314606741573,5-15,89-31,9
291,R Tewatia,32,24.0,2099,684,202.0,19,28.5,87.45833333333333,7.125,3-18,29-36,9
410,Washington Sundar,35,24.0,2332,758,240.0,19,31.583333333333332,97.16666666666667,6.954128440366972,3-16,46-32,8
251,Mustafizur Rahman,24,24.0,1996,693,197.0,21,28.875,83.16666666666667,7.532608695652174,3-16,56-22,8
368,SW Tait,21,23.0,2087,668,200.0,111,29.043478260869566,90.73913043478261,8.246913580246913,3-15,71-12,9
165,JP Duminy,49,23.0,2521,847,234.0,45,36.82608695652174,109.6086956521739,7.3652173913043475,4-19,53-33,8
121,GB Hogg,21,23.0,1655,585,159.0,33,25.434782608695652,71.95652173913044,7.597402597402597,4-30,40-21,7
352,SM Curran,22,23.0,1724,673,145.0,28,29.26086956521739,74.95652173913044,8.855263157894736,4-13,67-20,8
10,A Nortje,16,22.0,1346,529,149.0,27,24.045454545454547,61.18181818181818,8.53225806451613,3-34,55-22,8
379,Sohail Tanvir,11,22.0,982,275,121.0,29,12.5,44.63636363636363,6.5476190476190474,6-15,27-7,8
367,STR Binny,63,22.0,2200,763,199.0,22,34.68181818181818,100.0,7.707070707070707,2-14,76-14,8
70,BW Hilfenhaus,17,22.0,1432,497,173.0,36,22.59090909090909,65.0909090909091,8.016129032258064,3-27,48-21,8
14,A Zampa,14,21.0,1037,373,90.0,12,17.761904761904763,49.38095238095238,7.770833333333333,6-19,15-20,7
82,CJ Jordan,20,21.0,1544,620,119.0,50,29.523809523809526,73.52380952380952,9.538461538461538,4-12,51-24,8
406,VY Mahesh,17,21.0,1327,511,120.0,33,24.333333333333332,63.19047619047619,8.810344827586206,4-36,47-20,9
297,RE van der Merwe,21,21.0,1635,515,148.0,29,24.523809523809526,77.85714285714286,6.95945945945946,3-20,25-17,8
12,A Symonds,30,20.0,1936,694,190.0,38,34.7,96.8,7.886363636363637,3-22,44-33,9
240,MR Marsh,19,20.0,1187,426,113.0,18,21.3,59.35,7.745454545454545,4-25,40-14,8
201,L Ngidi,11,20.0,993,331,107.0,23,16.55,49.65,7.880952380952381,4-11,29-14,9
163,JO Holder,18,19.0,1487,552,135.0,33,29.05263157894737,78.26315789473684,8.625,3-25,53-16,8
125,GJ Maxwell,50,19.0,1996,786,162.0,21,41.36842105263158,105.05263157894737,8.637362637362637,2-15,48-41,8
25,AD Mascarenhas,13,19.0,1098,365,124.0,12,19.210526315789473,57.78947368421053,7.019230769230769,5-29,34-8,7
218,M Prasidh Krishna,24,18.0,1978,810,182.0,35,45.0,109.88888888888889,9.310344827586206,4-30,97-24,9
409,WPUJC Vaas,13,18.0,1023,364,128.0,19,20.22222222222222,56.833333333333336,7.583333333333333,3-21,40-13,7
283,R Dhawan,25,18.0,1885,655,151.0,49,36.388888888888886,104.72222222222223,7.987804878048781,2-18,51-16,9
194,KW Richardson,14,18.0,1170,450,124.0,20,25.0,65.0,8.49056603773585,3-13,35-23,7
383,T Natarajan,22,18.0,1703,636,147.0,35,35.333333333333336,94.61111111111111,8.368421052631579,2-25,53-24,8
0,A Ashish Reddy,20,18.0,962,400,79.0,14,22.22222222222222,53.44444444444444,8.88888888888889,3-25,26-20,7
140,IC Pandey,24,18.0,1666,609,212.0,25,33.833333333333336,92.55555555555556,7.909090909090909,2-23,77-17,7
90,CV Varun,14,18.0,1162,392,118.0,2,21.77777777777778,64.55555555555556,7.127272727272727,5-20,30-12,7
50,Anureet Singh,22,18.0,1567,636,139.0,35,35.333333333333336,87.05555555555556,9.217391304347826,3-23,65-22,8
64,BB Sran,24,18.0,1930,767,168.0,49,42.611111111111114,107.22222222222223,9.469135802469136,3-29,73-29,9
77,CH Gayle,38,18.0,2149,755,180.0,75,41.94444444444444,119.38888888888889,8.118279569892474,3-21,49-27,9
72,Bipul Sharma,28,17.0,1569,581,131.0,24,34.1764705882353,92.29411764705883,8.069444444444445,2-13,28-31,8
89,CRD Fernando,10,17.0,925,306,99.0,27,18.0,54.411764705882355,7.846153846153846,4-18,30-9,8
253,NA Saini,26,17.0,2140,795,248.0,49,46.76470588235294,125.88235294117646,8.457446808510639,2-24,83-31,8
71,Basil Thampi,20,17.0,1561,704,114.0,22,41.411764705882355,91.82352941176471,9.777777777777779,3-29,64-31,7
67,BJ Hodge,20,17.0,847,310,75.0,16,18.235294117647058,49.8235294117647,7.948717948717949,4-13,17-14,7
250,Mujeeb Ur Rahman,18,17.0,1546,568,138.0,31,33.411764705882355,90.94117647058823,8.231884057971014,3-28,38-23,8
93,D Wiese,14,16.0,1047,409,79.0,19,25.5625,65.4375,8.702127659574469,4-36,44-9,8
214,M Markande,17,16.0,1085,435,91.0,13,27.1875,67.8125,8.7,4-25,36-20,7
299,RG Sharma,30,15.0,1249,449,88.0,24,29.933333333333334,83.26666666666667,8.017857142857142,4-7,27-14,8
208,LR Shukla,27,15.0,1169,458,109.0,29,30.533333333333335,77.93333333333334,8.481481481481481,3-6,39-16,8
415,YA Abdulla,11,15.0,820,311,88.0,17,20.733333333333334,54.666666666666664,8.885714285714286,4-31,32-13,8
287,R Rampaul,12,14.0,984,308,127.0,20,22.0,70.28571428571429,7.0,3-31,24-13,8
346,SJ Srivastava,14,14.0,1160,444,103.0,35,31.714285714285715,82.85714285714286,9.446808510638299,2-20,50-13,8
169,JR Hopes,20,14.0,1323,562,105.0,23,40.142857142857146,94.5,9.366666666666667,2-3,44-28,7
23,AC Thomas,15,14.0,1185,416,126.0,22,29.714285714285715,84.64285714285714,7.849056603773585,3-22,41-11,9
374,Shivam Mavi,17,14.0,1257,487,122.0,23,34.785714285714285,89.78571428571429,9.018518518518519,2-15,46-21,9
306,RR Powar,26,13.0,1612,538,166.0,37,41.38461538461539,124.0,7.577464788732394,2-11,41-18,8
87,CR Brathwaite,16,13.0,966,384,74.0,21,29.53846153846154,74.3076923076923,8.727272727272727,3-47,37-12,9
85,CK Langeveldt,7,13.0,610,199,69.0,21,15.307692307692308,46.92307692307692,7.653846153846154,3-15,17-8,8
366,ST Jayasuriya,21,13.0,1080,396,83.0,21,30.46153846153846,83.07692307692308,8.081632653061224,3-14,22-16,8
323,S Lamichhane,9,13.0,742,297,75.0,6,22.846153846153847,57.07692307692308,8.485714285714286,3-36,21-17,7
174,K Gowtham,24,13.0,1470,576,132.0,20,44.30769230769231,113.07692307692308,8.470588235294118,2-16,52-22,7
172,Joginder Sharma,15,12.0,1006,421,71.0,19,35.083333333333336,83.83333333333333,9.790697674418604,2-28,38-17,8
284,R McLaren,18,12.0,1366,558,116.0,38,46.5,113.83333333333333,9.457627118644067,2-29,69-11,8
403,VRV Singh,18,12.0,1338,549,114.0,18,45.75,111.5,9.15,3-29,58-16,8
196,Karanveer Singh,9,12.0,779,323,64.0,11,26.916666666666668,64.91666666666667,9.5,4-54,19-19,8
397,Umar Gul,6,12.0,593,198,51.0,32,16.5,49.416666666666664,8.608695652173912,4-24,17-5,9
61,BA Bhatt,15,12.0,1077,408,93.0,19,34.0,89.75,8.16,4-22,35-13,7
314,Ravi Bishnoi,14,12.0,1156,381,119.0,19,31.75,96.33333333333333,7.470588235294118,3-29,25-17,8
123,GD McGrath,14,12.0,1169,366,153.0,14,30.5,97.41666666666667,6.777777777777778,4-29,41-10,7
51,Arshdeep Singh,11,12.0,829,336,70.0,24,28.0,69.08333333333333,9.6,3-23,34-11,8
146,J Suchith,14,12.0,995,397,81.0,10,33.083333333333336,82.91666666666667,8.822222222222223,2-14,31-16,8
48,Ankit Sharma,21,12.0,1339,453,137.0,17,37.75,111.58333333333333,7.306451612903226,2-21,28-18,8
36,AN Ahmed,17,12.0,1331,515,120.0,48,42.916666666666664,110.91666666666667,8.879310344827585,2-19,43-20,9
106,DJG Sammy,19,11.0,879,354,72.0,13,32.18181818181818,79.9090909090909,8.85,4-23,33-12,8
279,Pankaj Singh,17,11.0,1129,472,111.0,19,42.90909090909091,102.63636363636364,9.44,2-19,52-17,8
1,A Chandila,12,11.0,819,245,103.0,3,22.272727272727273,74.45454545454545,6.282051282051282,4-13,17-10,6
246,Mohammad Nabi,14,11.0,1040,331,115.0,12,30.09090909090909,94.54545454545455,6.62,4-15,21-13,7
79,CJ Anderson,22,11.0,1169,525,79.0,28,47.72727272727273,106.27272727272727,10.5,2-18,52-23,8
204,LH Ferguson,14,11.0,1182,432,113.0,27,39.27272727272727,107.45454545454545,8.64,3-16,45-14,9
308,RS Bopara,14,11.0,768,301,61.0,25,27.363636363636363,69.81818181818181,8.6,3-31,25-10,8
316,S Badree,12,11.0,938,329,109.0,20,29.90909090909091,85.27272727272727,7.651162790697675,4-10,28-14,7
21,AB McDonald,10,11.0,665,263,50.0,4,23.90909090909091,60.45454545454545,8.483870967741936,2-25,20-11,7
354,SM Pollock,13,11.0,994,307,130.0,10,27.90909090909091,90.36363636363636,6.673913043478261,3-12,30-9,7
161,JL Pattinson,10,11.0,803,321,77.0,10,29.181818181818183,73.0,8.675675675675675,2-20,34-10,8
58,B Laughlin,9,10.0,668,284,42.0,13,28.4,66.8,10.142857142857142,2-15,26-10,8
235,MM Ali,17,10.0,940,309,97.0,6,30.9,94.0,7.0227272727272725,2-18,18-15,8
341,SC Ganguly,20,10.0,994,370,75.0,11,37.0,99.4,8.043478260869565,2-23,25-14,7
399,V Pratap Singh,9,10.0,764,300,71.0,11,30.0,76.4,8.823529411764707,2-31,31-10,8
65,BCJ Cutting,17,10.0,1031,430,77.0,8,43.0,103.1,8.958333333333334,2-20,44-15,7
66,BE Hendricks,7,9.0,574,239,52.0,15,26.555555555555557,63.77777777777778,9.56,3-37,24-7,7
29,AG Murtaza,12,9.0,959,322,101.0,18,35.77777777777778,106.55555555555556,7.318181818181818,3-16,22-14,7
388,TK Curran,10,9.0,663,328,38.0,12,36.44444444444444,73.66666666666667,10.933333333333334,2-19,24-19,9
355,SMSM Senanayake,8,9.0,694,211,73.0,5,23.444444444444443,77.11111111111111,6.59375,2-26,17-5,8
372,Shahid Afridi,10,9.0,666,237,57.0,17,26.333333333333332,74.0,7.9,3-28,19-7,8
33,AM Nayar,19,9.0,865,323,69.0,12,35.888888888888886,96.11111111111111,8.282051282051283,3-13,22-13,8
266,P Parameswaran,8,9.0,567,226,64.0,7,25.11111111111111,63.0,8.37037037037037,3-30,23-10,7
344,SE Bond,8,9.0,686,225,75.0,7,25.0,76.22222222222223,7.258064516129032,2-24,27-3,7
238,MN Samuels,11,9.0,780,285,79.0,7,31.666666666666668,86.66666666666667,7.916666666666667,3-39,23-12,7
154,JDP Oram,14,9.0,873,362,79.0,20,40.22222222222222,97.0,9.05,3-32,34-14,8
195,Kamran Khan,9,9.0,626,233,62.0,19,25.88888888888889,69.55555555555556,8.62962962962963,3-21,22-10,8
197,Kartik Tyagi,10,9.0,884,372,78.0,17,41.333333333333336,98.22222222222223,9.538461538461538,2-37,28-21,8
188,KMA Paul,8,9.0,693,239,52.0,23,26.555555555555557,77.0,8.535714285714286,3-17,18-8,9
190,KP Appanna,13,9.0,799,291,68.0,13,32.333333333333336,88.77777777777777,8.083333333333334,4-19,20-11,8
142,IS Sodhi,8,9.0,638,204,64.0,3,22.666666666666668,70.88888888888889,6.580645161290323,3-26,9-8,7
157,JEC Franklin,15,9.0,555,225,39.0,9,25.0,61.666666666666664,8.653846153846153,2-18,21-6,8
148,J Theron,10,9.0,856,302,66.0,23,33.55555555555556,95.11111111111111,8.38888888888889,2-19,28-8,8
63,BAW Mendis,10,8.0,868,288,76.0,11,36.0,108.5,7.2,2-20,16-10,7
15,AA Chavan,13,8.0,913,339,100.0,21,42.375,114.125,8.071428571428571,2-24,28-16,7
152,JD Ryder,16,8.0,857,314,79.0,17,39.25,107.125,7.85,2-14,21-13,7
385,T Thushara,6,8.0,528,164,57.0,12,20.5,66.0,7.130434782608695,2-16,15-4,7
244,Mohammad Asif,8,8.0,722,307,64.0,18,38.375,90.25,9.59375,2-20,37-8,8
47,Anand Rajan,8,8.0,613,206,57.0,18,25.75,76.625,8.24,3-27,17-8,8
181,KC Cariappa,11,8.0,812,349,61.0,9,43.625,101.5,9.694444444444445,2-16,23-19,7
139,I Udana,10,8.0,667,286,45.0,12,35.75,83.375,9.862068965517242,2-41,26-11,8
102,DJ Hussey,26,8.0,1149,485,86.0,18,60.625,143.625,9.150943396226415,2-2,30-25,7
339,SB Styris,11,8.0,798,278,83.0,8,34.75,99.75,7.722222222222222,3-32,19-14,7
147,J Syed Mohammad,11,8.0,700,286,47.0,7,35.75,87.5,8.9375,2-16,18-12,7
217,M Ntini,9,7.0,756,257,99.0,19,36.714285714285715,108.0,7.3428571428571425,4-24,29-8,7
122,GC Viljoen,6,7.0,541,229,43.0,19,32.714285714285715,77.28571428571429,9.956521739130435,2-39,25-6,8
271,PC Valthaty,10,7.0,540,207,44.0,8,29.571428571428573,77.14285714285714,7.961538461538462,4-29,15-7,7
191,KP Pietersen,13,7.0,654,218,54.0,13,31.142857142857142,93.42857142857143,7.517241379310345,2-33,10-9,9
35,AM Salvi,7,7.0,567,205,57.0,15,29.285714285714285,81.0,8.2,2-22,18-7,7
130,HF Gurney,8,7.0,616,239,50.0,8,34.142857142857146,88.0,8.851851851851851,2-25,23-7,7
60,B Stanlake,6,7.0,546,200,64.0,6,28.571428571428573,78.0,8.333333333333334,2-21,19-9,7
261,P Amarnath,6,7.0,462,241,29.0,5,34.42857142857143,66.0,10.954545454545455,2-30,29-7,6
7,A Mithun,16,7.0,1182,477,90.0,29,68.14285714285714,168.85714285714286,9.9375,2-37,42-21,9
101,DJ Hooda,21,7.0,869,326,60.0,16,46.57142857142857,124.14285714285714,8.35897435897436,2-16,22-13,7
252,N Rana,14,7.0,391,143,34.0,5,20.428571428571427,55.857142857142854,7.944444444444445,2-11,15-4,7
328,S Randiv,8,6.0,652,223,60.0,6,37.166666666666664,108.66666666666667,7.689655172413793,2-24,20-5,8
156,JE Taylor,5,6.0,441,167,48.0,15,27.833333333333332,73.5,8.35,3-31,10-9,8
307,RR Raje,10,6.0,515,214,39.0,14,35.666666666666664,85.83333333333333,8.916666666666666,2-16,23-4,7
171,Jaskaran Singh,7,6.0,412,174,39.0,12,29.0,68.66666666666667,9.666666666666666,2-20,23-4,9
414,Y Venugopal Rao,20,6.0,798,338,59.0,9,56.333333333333336,133.0,9.38888888888889,2-23,30-13,7
332,S Tyagi,14,6.0,805,304,93.0,20,50.666666666666664,134.16666666666666,8.685714285714285,2-19,34-12,7
76,C de Grandhomme,19,6.0,851,323,58.0,22,53.833333333333336,141.83333333333334,8.72972972972973,3-4,22-13,9
404,VS Malik,13,6.0,764,268,84.0,14,44.666666666666664,127.33333333333333,7.6571428571428575,2-14,30-6,7
401,V Shankar,15,6.0,669,229,54.0,13,38.166666666666664,111.5,8.178571428571429,1-11,20-7,9
400,V Sehwag,15,6.0,486,236,44.0,3,39.333333333333336,81.0,10.26086956521739,2-18,19-16,7
389,TL Suman,11,6.0,539,198,43.0,3,33.0,89.83333333333333,7.92,2-14,8-10,7
54,B Akhil,13,6.0,689,246,60.0,11,41.0,114.83333333333333,7.6875,2-18,18-9,7
363,SS Cottrell,6,6.0,500,177,58.0,16,29.5,83.33333333333333,8.85,2-17,19-8,8
232,MJ Santner,6,6.0,469,147,49.0,11,24.5,78.16666666666667,7.0,2-13,13-3,7
321,S Kaushik,10,6.0,756,304,68.0,13,50.666666666666664,126.0,8.941176470588236,3-20,25-14,7
149,J Yadav,14,6.0,952,290,102.0,5,48.333333333333336,158.66666666666666,6.590909090909091,1-8,19-9,7
39,AS Joseph,3,6.0,200,89,23.0,5,14.833333333333334,33.333333333333336,9.88888888888889,6-14,10-5,8
129,Gurkeerat Singh,6,5.0,301,97,26.0,4,19.4,60.2,7.461538461538462,2-15,6-3,7
377,Shoaib Akhtar,3,5.0,176,54,23.0,4,10.8,35.2,7.714285714285714,4-11,6-2,8
37,AP Dole,3,5.0,282,114,20.0,9,22.8,56.4,10.363636363636363,2-36,11-4,8
189,KMDN Kulasekara,5,5.0,395,122,45.0,7,24.4,79.0,7.176470588235294,2-10,16-0,9
310,RV Gomez,9,5.0,343,130,37.0,2,26.0,68.6,8.125,2-14,10-7,7
52,Avesh Khan,9,5.0,665,301,68.0,7,60.2,133.0,10.033333333333333,2-29,28-19,7
186,KL Nagarkoti,9,5.0,575,233,44.0,6,46.6,115.0,8.961538461538462,2-13,15-11,8
326,S Narwal,6,5.0,414,203,37.0,8,40.6,82.8,11.277777777777779,3-36,17-13,8
322,S Ladda,9,5.0,504,225,48.0,4,45.0,100.8,9.782608695652174,2-45,12-17,7
340,SB Wagh,8,5.0,401,147,45.0,16,29.4,80.2,8.647058823529411,3-16,21-2,8
290,R Shukla,7,5.0,492,217,38.0,19,43.4,98.4,10.85,2-28,21-9,8
272,PD Collingwood,6,5.0,321,101,24.0,1,20.2,64.2,6.733333333333333,2-19,4-3,7
2,A Choudhary,5,5.0,402,144,42.0,7,28.8,80.4,8.470588235294118,2-17,13-6,8
220,M de Lange,5,5.0,435,171,39.0,14,34.2,87.0,9.5,3-34,21-4,8
260,O Thomas,4,5.0,231,85,17.0,9,17.0,46.2,8.5,2-8,9-1,7
119,FH Edwards,6,5.0,551,160,70.0,16,32.0,110.2,6.666666666666667,2-27,20-2,8
393,TS Mills,5,5.0,399,157,41.0,13,31.4,79.8,8.722222222222221,2-31,15-6,7
390,TM Dilshan,25,5.0,974,368,79.0,7,73.6,194.8,8.0,1-3,27-15,7
164,JP Behrendorff,5,5.0,420,168,51.0,6,33.6,84.0,8.842105263157896,2-23,19-8,7
376,Shoaib Ahmed,7,5.0,364,154,33.0,3,30.8,72.8,9.058823529411764,2-22,14-7,7
203,LE Plunkett,7,4.0,554,228,39.0,7,57.0,138.5,9.12,3-19,15-12,8
112,DP Vijaykumar,9,4.0,573,205,63.0,13,51.25,143.25,7.884615384615385,1-18,23-5,9
412,Y Nagar,8,4.0,276,125,16.0,8,31.25,69.0,11.363636363636363,2-20,11-6,9
336,SB Bangar,9,4.0,546,221,55.0,9,55.25,136.5,8.84,2-35,24-7,7
94,D du Preez,2,4.0,154,56,18.0,1,14.0,38.5,8.0,3-32,6-1,7
407,WA Mota,7,4.0,274,98,24.0,4,24.5,68.5,8.166666666666666,1-7,4-5,8
398,V Kohli,26,4.0,974,371,52.0,17,92.75,243.5,8.627906976744185,2-25,25-11,8
375,Shivam Sharma,5,4.0,399,165,37.0,0,41.25,99.75,8.68421052631579,2-26,9-10,6
280,Parvez Rasool,11,4.0,708,273,60.0,5,68.25,177.0,8.272727272727273,1-20,22-11,8
103,DJ Muthuswami,6,4.0,294,108,44.0,7,27.0,73.5,7.714285714285714,2-18,14-3,6
318,S Dube,7,4.0,232,83,16.0,4,20.75,58.0,7.545454545454546,2-17,6-2,7
317,S Dhawan,6,4.0,175,72,17.0,7,18.0,43.75,9.0,1-8,7-3,7
28,AF Milne,5,4.0,428,185,32.0,19,46.25,107.0,10.277777777777779,2-32,21-5,8
170,JW Hastings,3,3.0,220,66,31.0,3,22.0,73.33333333333333,6.6,2-6,11-0,7
175,K Khejroliya,5,3.0,372,157,25.0,10,52.333333333333336,124.0,9.8125,2-34,9-10,8
160,JJ van der Wath,3,3.0,281,134,29.0,9,44.666666666666664,93.66666666666667,11.166666666666666,2-49,17-6,8
46,Abhishek Sharma,8,3.0,266,113,11.0,4,37.666666666666664,88.66666666666667,9.416666666666666,1-10,4-6,7
353,SM Harwood,3,3.0,262,74,33.0,13,24.666666666666668,87.33333333333333,7.4,2-26,6-2,8
162,JM Kemp,5,3.0,172,58,15.0,7,19.333333333333332,57.333333333333336,6.444444444444445,3-15,6-1,8
177,K Santokie,2,3.0,189,91,15.0,4,30.333333333333332,63.0,11.375,2-51,6-6,7
384,T Shamsi,4,3.0,336,151,26.0,4,50.333333333333336,112.0,9.4375,1-23,13-7,6
32,AL Menaria,12,3.0,402,144,40.0,4,48.0,134.0,7.578947368421052,2-20,15-4,7
394,TU Deshpande,5,3.0,414,193,28.0,9,64.33333333333333,138.0,11.352941176470589,2-37,22-7,8
288,R Sathish,14,3.0,520,233,30.0,6,77.66666666666667,173.33333333333334,9.708333333333334,1-11,18-10,8
128,Gagandeep Singh,4,3.0,294,142,25.0,1,47.333333333333336,98.0,10.142857142857142,1-34,14-6,6
155,JDS Neesham,9,3.0,547,245,39.0,12,81.66666666666667,182.33333333333334,10.208333333333334,1-17,22-11,8
285,R Ninan,2,3.0,126,65,8.0,0,21.666666666666668,42.0,10.833333333333334,2-31,3-5,6
96,DAJ Bracewell,1,3.0,91,32,10.0,1,10.666666666666666,30.333333333333332,8.0,3-32,2-2,7
104,DJ Thornely,4,3.0,161,40,19.0,2,13.333333333333334,53.666666666666664,5.714285714285714,2-7,5-0,7
199,L Ablish,3,3.0,169,76,10.0,4,25.333333333333332,56.333333333333336,10.857142857142858,2-18,11-1,8
187,KM Asif,2,3.0,140,75,16.0,2,25.0,46.666666666666664,12.5,2-43,7-6,7
301,RJ Peterson,4,3.0,168,70,21.0,0,23.333333333333332,56.0,8.75,3-37,5-5,6
269,P Sahu,5,3.0,377,152,24.0,8,50.666666666666664,125.66666666666667,8.444444444444445,2-18,11-5,7
342,SC Kuggeleijn,2,2.0,182,71,17.0,2,35.5,91.0,8.875,2-37,6-3,7
378,Shoaib Malik,5,2.0,225,87,15.0,10,43.5,112.5,9.666666666666666,1-6,7-3,8
343,SD Chitnis,2,2.0,140,62,9.0,8,31.0,70.0,10.333333333333334,2-41,4-3,7
205,LJ Wright,6,2.0,276,125,14.0,5,62.5,138.0,10.416666666666666,1-12,5-9,8
75,C Nanda,3,2.0,182,58,13.0,3,29.0,91.0,7.25,1-4,1-2,7
270,P Suyal,5,2.0,420,154,36.0,14,77.0,210.0,9.625,1-22,16-5,9
391,TM Head,5,2.0,168,81,7.0,0,40.5,84.0,9.0,2-30,3-5,6
110,DNT Zoysa,3,2.0,252,100,24.0,4,50.0,126.0,9.090909090909092,1-30,12-3,7
167,JPR Scantlebury-Searles,3,2.0,168,89,7.0,3,44.5,84.0,12.714285714285714,1-24,4-7,7
255,ND Doshi,4,2.0,199,79,24.0,1,39.5,99.5,7.9,1-15,5-6,7
221,MA Khote,2,2.0,105,52,5.0,1,26.0,52.5,10.4,2-30,4-2,6
91,D Kalyankrishna,3,2.0,182,88,10.0,3,44.0,91.0,11.0,1-30,8-4,7
105,DJ Willey,3,2.0,217,96,19.0,2,48.0,108.5,9.6,1-25,12-3,7
245,Mohammad Hafeez,4,2.0,231,71,22.0,10,35.5,115.5,7.1,1-11,5-2,7
13,A Uniyal,2,2.0,140,67,8.0,3,33.5,70.0,11.166666666666666,2-41,6-3,7
229,MJ Clarke,5,2.0,231,72,22.0,5,36.0,115.5,6.545454545454546,1-12,4-2,6
4,A Flintoff,3,2.0,231,106,20.0,1,53.0,115.5,9.636363636363637,1-11,7-7,6
286,R Parag,9,2.0,343,148,21.0,2,74.0,171.5,9.25,1-10,9-6,7
329,S Sandeep Warrier,4,2.0,344,120,37.0,5,60.0,172.0,8.0,2-31,13-4,8
302,RN ten Doeschate,10,2.0,308,94,22.0,6,47.0,154.0,7.230769230769231,1-7,4-3,7
49,Ankit Soni,6,2.0,400,145,37.0,4,72.5,200.0,7.631578947368421,1-16,8-7,7
371,Shahbaz Ahmed,2,2.0,133,45,8.0,2,22.5,66.5,7.5,2-27,1-2,7
369,Sachin Baby,2,2.0,31,8,5.0,0,4.0,15.5,4.0,2-4,1-0,6
351,SM Boland,2,2.0,154,56,14.0,3,28.0,77.0,8.0,2-31,6-1,7
183,KJ Abbott,5,2.0,379,182,28.0,12,91.0,189.5,11.375,1-42,24-4,8
107,DJM Short,2,1.0,63,23,7.0,4,23.0,63.0,7.666666666666667,1-10,1-1,6
18,AA Noffke,1,1.0,91,41,6.0,6,41.0,91.0,10.25,1-41,2-2,7
92,D Salunkhe,5,1.0,189,80,13.0,10,80.0,189.0,10.0,1-22,6-3,7
42,AS Roy,1,1.0,66,11,4.0,3,11.0,66.0,5.5,1-11,0,9
16,AA Jhunjhunwala,10,1.0,317,130,27.0,4,130.0,317.0,8.666666666666666,1-14,10-5,8
44,Abdul Samad,3,1.0,154,96,9.0,5,96.0,154.0,13.714285714285714,1-41,4-8,7
9,A Nel,1,1.0,63,31,7.0,0,31.0,63.0,10.333333333333334,1-31,3-2,6
333,S Vidyut,1,1.0,49,22,5.0,1,22.0,49.0,11.0,1-22,1-2,7
254,NB Singh,2,1.0,91,18,13.0,4,18.0,91.0,4.5,1-8,2-0,7
413,Y Prithvi Raj,2,1.0,126,57,8.0,3,57.0,126.0,11.4,1-29,6-2,7
97,DB Ravi Teja,2,1.0,63,28,4.0,0,28.0,63.0,9.333333333333334,1-19,1-2,6
345,SE Rutherford,6,1.0,182,60,7.0,6,60.0,182.0,8.571428571428571,1-6,4-1,8
230,MJ Henry,2,1.0,112,71,7.0,1,71.0,112.0,14.2,1-31,7-5,7
338,SB Joshi,4,1.0,190,82,18.0,0,82.0,190.0,8.2,1-27,6-5,6
234,MK Tiwary,6,1.0,168,83,9.0,5,83.0,168.0,11.857142857142858,1-11,2-7,7
135,Harmeet Singh (2),1,1.0,91,34,12.0,1,34.0,91.0,8.5,1-34,3-2,7
30,AJ Finch,5,1.0,155,67,13.0,1,67.0,155.0,8.375,1-11,4-4,7
56,B Geeves,2,1.0,175,91,15.0,1,91.0,175.0,11.375,1-50,17-1,7
126,GR Napier,1,1.0,84,28,8.0,1,28.0,84.0,7.0,1-28,2-1,6
124,GH Vihari,6,1.0,154,48,17.0,2,48.0,154.0,6.857142857142857,1-5,5-1,7
168,JR Hazlewood,3,1.0,217,72,29.0,9,72.0,217.0,7.2,1-23,10-0,7
69,BMAJ Mendis,2,1.0,105,36,11.0,0,36.0,105.0,7.2,1-16,2-2,6
34,AM Rahane,1,1.0,21,5,2.0,0,5.0,21.0,5.0,1-5,0,6
382,T Henderson,2,1.0,126,41,14.0,1,41.0,126.0,6.833333333333333,1-30,5-0,6
202,LA Carseldine,1,1.0,28,6,4.0,1,6.0,28.0,6.0,1-6,1-0,7
365,SS Sarkar,2,1.0,85,34,4.0,0,34.0,85.0,6.8,1-15,4-0,6
364,SS Mundhe,1,1.0,28,6,4.0,1,6.0,28.0,6.0,1-6,1-0,7
206,LMP Simmons,1,1.0,63,34,2.0,0,34.0,63.0,11.333333333333334,1-34,2-2,6
22,AC Gilchrist,1,1.0,1,0,1.0,0,0.0,1.0,0.0,1-0,0,1
275,PM Sarvesh Kumar,2,1.0,112,42,11.0,1,42.0,112.0,8.4,1-18,7-0,7
83,CJ McKay,2,1.0,147,60,14.0,0,60.0,147.0,8.571428571428571,1-36,8-1,6
127,GS Sandhu,2,1.0,168,86,9.0,4,86.0,168.0,10.75,1-37,8-2,6
362,SS Agarwal,1,1.0,84,42,7.0,0,42.0,84.0,10.5,1-42,3-3,6
392,TP Sudhindra,3,1.0,269,137,18.0,5,137.0,269.0,11.416666666666666,1-47,9-9,7
298,RG More,2,1.0,134,63,4.0,6,63.0,134.0,10.5,1-35,5-1,7
86,CL White,6,1.0,176,86,8.0,5,86.0,176.0,12.285714285714286,1-14,5-6,8
381,Swapnil Singh,5,1.0,217,90,10.0,1,90.0,217.0,9.0,1-14,1-6,7
3,A Dananjaya,1,0.0,91,47,6.0,1,0.0,0.0,11.75,0,2-4,7
17,AA Kazi,1,0.0,49,21,2.0,1,0.0,0.0,10.5,0,1-1,7
24,AC Voges,7,0.0,203,76,15.0,2,0.0,0.0,8.444444444444445,0,8-2,7
41,AS Raut,5,0.0,105,45,6.0,1,0.0,0.0,9.0,0,4-1,6
43,AUK Pathan,3,0.0,147,63,9.0,6,0.0,0.0,9.0,0,5-2,8
45,Abdur Razzak,1,0.0,56,29,5.0,6,0.0,0.0,14.5,0,3-1,7
55,B Chipli,1,0.0,21,20,1.0,0,0.0,0.0,20.0,0,1-2,6
68,BJ Rohrer,1,0.0,28,12,1.0,1,0.0,0.0,12.0,0,2-0,7
73,C Ganapathy,1,0.0,21,13,1.0,0,0.0,0.0,13.0,0,1-1,6
74,C Munro,2,0.0,42,15,5.0,0,0.0,0.0,7.5,0,1-1,6
80,CJ Dala,1,0.0,70,34,7.0,1,0.0,0.0,11.333333333333334,0,3-2,7
81,CJ Green,1,0.0,57,24,6.0,0,0.0,0.0,8.0,0,4-0,6
84,CK Kapugedera,3,0.0,57,49,0.0,0,0.0,0.0,16.333333333333332,0,5-3,6
95,DA Warner,1,0.0,13,2,0.0,1,0.0,0.0,2.0,0,0,7
100,DJ Harris,2,0.0,63,26,4.0,0,0.0,0.0,8.666666666666666,0,2-1,6
113,DR Sams,3,0.0,288,114,22.0,5,0.0,0.0,9.5,0,9-5,8
118,F du Plessis,1,0.0,21,16,0.0,0,0.0,0.0,16.0,0,0,6
120,FY Fazal,2,0.0,42,20,1.0,0,0.0,0.0,10.0,0,1-1,6
136,Harpreet Brar,3,0.0,196,89,13.0,1,0.0,0.0,9.88888888888889,0,8-4,7
137,I Malhotra,1,0.0,21,23,0.0,0,0.0,0.0,23.0,0,2-2,6
173,K Goel,6,0.0,238,94,19.0,2,0.0,0.0,8.545454545454545,0,9-2,7
178,K Upadhyay,3,0.0,203,81,20.0,2,0.0,0.0,9.0,0,9-3,7
180,KAJ Roach,2,0.0,196,80,20.0,4,0.0,0.0,10.0,0,10-3,7
192,KS Williamson,2,0.0,63,31,2.0,0,0.0,0.0,10.333333333333334,0,1-2,6
207,LPC Silva,1,0.0,21,21,0.0,0,0.0,0.0,21.0,0,0,6
209,LRPL Taylor,2,0.0,49,24,0.0,1,0.0,0.0,12.0,0,0,7
210,LS Livingstone,1,0.0,21,13,3.0,0,0.0,0.0,13.0,0,0,6
213,M Manhas,3,0.0,147,42,15.0,0,0.0,0.0,6.0,0,2-1,6
219,M Vijay,4,0.0,133,49,8.0,1,0.0,0.0,8.166666666666666,0,6-0,7
223,MA Wood,1,0.0,91,50,5.0,2,0.0,0.0,12.5,0,6-2,7
224,MB Parmar,1,0.0,70,33,4.0,1,0.0,0.0,11.0,0,6-0,7
228,MG Neser,1,0.0,91,62,5.0,1,0.0,0.0,15.5,0,6-4,7
233,MK Lomror,2,0.0,63,27,2.0,0,0.0,0.0,9.0,0,3-0,6
242,Mandeep Singh,2,0.0,42,26,1.0,0,0.0,0.0,13.0,0,1-2,6
243,Mashrafe Mortaza,1,0.0,113,59,6.0,5,0.0,0.0,14.75,0,4-4,8
249,Monu Kumar,1,0.0,72,20,4.0,4,0.0,0.0,10.0,0,2-0,8
256,NJ Rimmington,1,0.0,63,20,9.0,1,0.0,0.0,6.666666666666667,0,3-0,6
257,NL McCullum,2,0.0,105,35,10.0,1,0.0,0.0,7.0,0,1-2,6
263,P Dubey,3,0.0,168,72,12.0,0,0.0,0.0,9.0,0,5-4,6
267,P Prasanth,1,0.0,21,18,3.0,0,0.0,0.0,18.0,0,0,6
268,P Ray Barman,1,0.0,84,56,2.0,0,0.0,0.0,14.0,0,3-4,6
294,RA Shaikh,1,0.0,21,11,1.0,0,0.0,0.0,11.0,0,2-0,6
295,RA Tripathi,1,0.0,21,12,0.0,0,0.0,0.0,12.0,0,2-0,6
304,RR Bhatkal,1,0.0,42,35,0.0,0,0.0,0.0,17.5,0,2-3,6
305,RR Bose,1,0.0,42,24,5.0,0,0.0,0.0,12.0,0,5-0,6
309,RS Gavaskar,1,0.0,21,8,2.0,0,0.0,0.0,8.0,0,1-0,6
311,RW Price,1,0.0,63,33,1.0,0,0.0,0.0,11.0,0,2-2,6
313,Rasikh Salam,1,0.0,105,42,8.0,3,0.0,0.0,10.5,0,3-2,7
324,S Midhun,1,0.0,49,29,3.0,3,0.0,0.0,14.5,0,2-2,7
327,S Rana,3,0.0,52,18,5.0,0,0.0,0.0,6.0,0,2-0,6
331,S Sriram,2,0.0,63,49,2.0,0,0.0,0.0,16.333333333333332,0,4-4,6
334,SA Abbott,2,0.0,120,57,6.0,2,0.0,0.0,11.4,0,8-1,8
335,SA Yadav,1,0.0,21,8,2.0,0,0.0,0.0,8.0,0,1-0,6
356,SN Khan,1,0.0,3,6,0.0,0,0.0,0.0,6.0,0,1-0,2
359,SPD Smith,1,0.0,3,5,0.0,0,0.0,0.0,5.0,0,1-0,2
360,SR Tendulkar,4,0.0,133,59,4.0,2,0.0,0.0,9.833333333333334,0,6-1,7
380,Sunny Gupta,1,0.0,70,47,0.0,2,0.0,0.0,15.666666666666666,0,4-3,7
395,Tejas Baroka,1,0.0,69,33,6.0,0,0.0,0.0,8.25,0,2-2,6
405,VS Yeligati,2,0.0,119,61,6.0,8,0.0,0.0,12.2,0,7-2,7
411,Y Gnaneswara Rao,1,0.0,21,7,3.0,0,0.0,0.0,7.0,0,1-0,6
