,batsman,Runs_scored,Balls_Faced,Matches_played,Fours,Sixes,Fifties,Hundreds,Highest_score,Average,Strike_rate,Strike_rate_6_Overs,Strike_rate_7-14_Overs,Strike_rate_16-20_Overs
0,V Kohli,5878,4609,184,504.0,202.0,39.0,5.0,113,36.061349693251536,127.53308743762204,108.98630136986301,125.49019607843137,108.98630136986301
1,SK Raina,5368,4041,189,493.0,194.0,38.0,1.0,100,33.55,132.83840633506557,124.24242424242425,130.2941176470588,124.24242424242425
2,DA Warner,5254,3819,142,510.0,195.0,48.0,4.0,126,41.698412698412696,137.57528148730034,130.42876901798064,138.5640266469282,130.42876901798064
3,RG Sharma,5230,4088,194,458.0,214.0,39.0,1.0,109,29.548022598870055,127.93542074363992,109.6,119.15957978989495,109.6
4,S Dhawan,5197,4208,175,591.0,109.0,41.0,2.0,106,34.19078947368421,123.50285171102662,118.85113268608414,124.6957766642806,118.85113268608414
5,AB de Villiers,4849,3264,156,390.0,235.0,37.0,3.0,133,42.53508771929825,148.56004901960785,115.9748427672956,133.313713949382,115.9748427672956
6,CH Gayle,4772,3342,131,384.0,349.0,31.0,6.0,175,41.13793103448276,142.78874925194495,128.39818089944416,155.8139534883721,128.39818089944416
7,MS Dhoni,4632,3493,182,313.0,216.0,23.0,0.0,84,36.76190476190476,132.60807328943602,72.79411764705883,102.67753201396974,72.79411764705883
8,RV Uthappa,4607,3658,182,454.0,163.0,24.0,0.0,87,27.2603550295858,125.94313832695462,119.01330376940133,125.83387835186396,119.01330376940133
9,G Gambhir,4217,3524,151,492.0,59.0,36.0,0.0,93,31.237037037037037,119.66515323496027,116.68198529411765,121.9047619047619,116.68198529411765
10,AM Rahane,3933,3325,140,416.0,76.0,28.0,2.0,105,31.464,118.28571428571429,111.15702479338843,121.94211017740429,111.15702479338843
11,SR Watson,3874,2888,141,376.0,190.0,21.0,4.0,117,30.992,134.14127423822714,111.94029850746269,152.2785898538263,111.94029850746269
12,KD Karthik,3823,3023,176,377.0,105.0,19.0,0.0,97,25.151315789473685,126.46377770426729,97.78911564625851,121.34962187318209,97.78911564625851
13,AT Rayudu,3659,2970,149,308.0,132.0,19.0,1.0,100,29.747967479674795,123.1986531986532,104.48275862068965,119.81566820276498,104.48275862068965
14,MK Pandey,3268,2772,134,288.0,93.0,18.0,1.0,114,29.98165137614679,117.8932178932179,108.62708719851577,116.8363351605325,108.62708719851577
15,YK Pathan,3204,2330,153,262.0,159.0,13.0,1.0,100,28.864864864864863,137.5107296137339,135.41666666666666,128.6053882725832,135.41666666666666
16,KA Pollard,3023,2107,144,196.0,198.0,15.0,0.0,83,28.5188679245283,143.47413383958235,70.37037037037037,124.76290832455216,70.37037037037037
17,BB McCullum,2880,2267,109,293.0,130.0,13.0,2.0,158,27.169811320754718,127.04014115571239,121.95804195804196,129.57937584803256,121.95804195804196
18,PA Patel,2848,2442,136,365.0,49.0,13.0,0.0,81,22.4251968503937,116.62571662571662,116.27118644067797,115.83333333333333,116.27118644067797
19,Yuvraj Singh,2750,2205,126,217.0,149.0,13.0,0.0,83,25.229357798165136,124.71655328798185,92.5,114.02877697841727,92.5
20,V Sehwag,2728,1833,104,334.0,106.0,16.0,2.0,122,27.836734693877553,148.82705946535734,139.01869158878506,169.26070038910507,139.01869158878506
21,KL Rahul,2647,1990,72,234.0,104.0,21.0,2.0,132,42.693548387096776,133.01507537688443,128.94472361809045,123.24621733149931,128.94472361809045
22,M Vijay,2619,2208,105,247.0,91.0,13.0,2.0,127,27.0,118.61413043478261,109.82028241335045,135.46712802768167,109.82028241335045
23,SV Samson,2584,1970,102,191.0,115.0,13.0,2.0,102,28.395604395604394,131.16751269035532,117.01093560145809,130.27322404371586,117.01093560145809
24,SE Marsh,2477,1908,69,266.0,78.0,20.0,1.0,115,38.703125,129.82180293501048,109.44444444444444,147.30538922155688,109.44444444444444
25,JH Kallis,2427,2291,95,255.0,44.0,17.0,0.0,89,27.269662921348313,105.93627237014404,98.88888888888889,98.42696629213484,98.88888888888889
26,DR Smith,2385,1803,88,245.0,117.0,17.0,0.0,87,29.444444444444443,132.27953410981698,121.01063829787235,151.8716577540107,121.01063829787235
27,SR Tendulkar,2334,2044,78,296.0,29.0,13.0,1.0,100,32.87323943661972,114.18786692759295,108.26306913996628,115.52447552447552,108.26306913996628
28,SPD Smith,2333,1858,86,212.0,58.0,11.0,1.0,101,32.40277777777778,125.56512378902045,117.06827309236948,114.2550911039657,117.06827309236948
29,F du Plessis,2302,1828,77,205.0,73.0,16.0,0.0,96,34.35820895522388,125.92997811816193,124.20091324200914,116.03153745072274,124.20091324200914
30,SS Iyer,2200,1802,78,189.0,83.0,16.0,0.0,96,30.136986301369863,122.0865704772475,102.57731958762886,130.80568720379148,102.57731958762886
31,R Dravid,2174,1918,82,269.0,28.0,11.0,0.0,75,28.233766233766232,113.34723670490094,103.75123395853899,117.57961783439491,103.75123395853899
32,RA Jadeja,2159,1774,136,157.0,76.0,1.0,0.0,50,24.53409090909091,121.70236753100338,89.28571428571429,110.46119235095613,89.28571428571429
33,RR Pant,2079,1416,68,184.0,103.0,12.0,1.0,128,35.23728813559322,146.82203389830508,117.33333333333333,137.6777251184834,117.33333333333333
34,AC Gilchrist,2069,1555,80,239.0,92.0,11.0,2.0,109,27.223684210526315,133.05466237942122,127.32758620689656,145.73002754820936,127.32758620689656
35,JP Duminy,2029,1680,75,126.0,79.0,14.0,0.0,78,41.40816326530612,120.77380952380952,93.71069182389937,102.04326923076923,93.71069182389937
36,SA Yadav,2024,1536,86,221.0,58.0,11.0,0.0,79,31.138461538461538,131.77083333333334,131.65735567970205,123.64864864864865,131.65735567970205
37,AJ Finch,2005,1622,85,204.0,75.0,14.0,0.0,88,25.705128205128204,123.61282367447596,111.59586681974741,132.4514991181658,111.59586681974741
38,WP Saha,1979,1541,97,184.0,64.0,8.0,1.0,115,25.371794871794872,128.42310188189487,128.79858657243815,112.46105919003115,128.79858657243815
39,MEK Hussey,1977,1648,58,198.0,52.0,15.0,1.0,116,38.01923076923077,119.9635922330097,102.6936026936027,129.4022617124394,102.6936026936027
40,Q de Kock,1959,1499,66,201.0,76.0,14.0,1.0,108,32.65,130.68712474983323,126.62213740458016,138.15461346633415,126.62213740458016
41,DA Miller,1850,1374,77,126.0,87.0,9.0,1.0,101,34.25925925925926,134.6433770014556,90.67796610169492,119.00726392251816,90.67796610169492
42,DPMD Jayawardene,1802,1520,78,200.0,39.0,10.0,1.0,110,28.603174603174605,118.55263157894737,110.87662337662337,113.22188449848025,110.87662337662337
43,JC Buttler,1714,1184,57,167.0,77.0,11.0,0.0,95,35.708333333333336,144.76351351351352,143.63957597173146,138.52813852813853,143.63957597173146
44,MK Tiwary,1695,1489,83,156.0,40.0,7.0,0.0,75,27.78688524590164,113.83478844862324,93.56913183279742,107.31382978723404,93.56913183279742
45,MA Agarwal,1690,1310,83,161.0,67.0,7.0,1.0,106,21.666666666666668,129.00763358778627,115.8690176322418,137.32394366197184,115.8690176322418
46,KC Sangakkara,1687,1424,68,195.0,27.0,10.0,0.0,94,24.44927536231884,118.46910112359551,107.7720207253886,120.75736325385694,107.7720207253886
47,Mandeep Singh,1659,1364,90,170.0,37.0,6.0,0.0,77,21.26923076923077,121.62756598240469,114.87179487179488,115.6312625250501,114.87179487179488
48,KS Williamson,1619,1222,52,137.0,54.0,15.0,0.0,89,39.48780487804878,132.48772504091653,104.2042042042042,135.80060422960725,104.2042042042042
49,NV Ojha,1554,1360,94,121.0,79.0,6.0,0.0,94,21.0,114.26470588235294,95.41446208112875,124.12371134020619,95.41446208112875
50,AD Russell,1517,882,61,105.0,129.0,8.0,0.0,88,30.34,171.9954648526077,225.0,147.1264367816092,225.0
51,GJ Maxwell,1505,1013,78,119.0,91.0,6.0,0.0,95,21.81159420289855,148.56860809476802,116.47940074906367,158.6086956521739,116.47940074906367
52,DJ Bravo,1490,1199,101,116.0,61.0,5.0,0.0,70,22.923076923076923,124.27022518765638,94.30379746835443,92.45283018867924,94.30379746835443
53,KK Nair,1480,1174,66,160.0,39.0,10.0,0.0,83,23.49206349206349,126.06473594548552,118.12749003984064,118.95551257253385,118.12749003984064
54,S Badrinath,1441,1245,65,154.0,28.0,11.0,0.0,71,30.020833333333332,115.7429718875502,79.38461538461539,119.4662480376766,79.38461538461539
55,N Rana,1437,1093,55,127.0,72.0,11.0,0.0,87,27.11320754716981,131.4730100640439,105.52884615384616,137.8181818181818,105.52884615384616
56,BJ Hodge,1400,1153,63,122.0,43.0,6.0,0.0,73,30.434782608695652,121.42237640936686,87.38317757009345,109.5667870036101,87.38317757009345
57,SS Tiwary,1379,1192,69,101.0,48.0,7.0,0.0,61,28.729166666666668,115.68791946308725,102.33644859813084,109.58083832335329,102.33644859813084
58,HH Pandya,1349,897,74,86.0,93.0,4.0,0.0,91,28.70212765957447,150.3901895206243,53.48837209302326,130.1038062283737,53.48837209302326
59,SC Ganguly,1349,1326,56,137.0,42.0,7.0,0.0,91,24.98148148148148,101.73453996983409,92.96875,97.7469670710572,92.96875
60,DJ Hussey,1322,1101,61,90.0,60.0,5.0,0.0,71,26.979591836734695,120.07266121707539,100.60240963855422,106.27674750356633,100.60240963855422
61,CA Lynn,1280,938,41,128.0,63.0,10.0,0.0,93,34.5945945945946,136.46055437100213,140.49586776859505,132.65993265993265,140.49586776859505
62,EJG Morgan,1272,1037,59,104.0,58.0,5.0,0.0,68,25.959183673469386,122.66152362584378,90.43478260869566,113.12741312741312,90.43478260869566
63,Ishan Kishan,1211,907,46,100.0,64.0,7.0,0.0,99,30.275,133.51708930540244,111.87845303867404,138.88888888888889,111.87845303867404
64,TM Dilshan,1153,1047,50,140.0,24.0,9.0,0.0,76,28.121951219512194,110.12416427889207,104.41458733205374,101.99004975124379,104.41458733205374
65,KM Jadhav,1141,947,75,99.0,38.0,4.0,0.0,69,22.82,120.4857444561774,84.92063492063492,116.66666666666667,84.92063492063492
66,IK Pathan,1139,981,82,87.0,37.0,1.0,0.0,60,21.49056603773585,116.10601427115189,106.02409638554217,89.60739030023095,106.02409638554217
67,ML Hayden,1107,838,32,121.0,44.0,8.0,0.0,93,41.0,132.10023866348448,126.56826568265683,133.7448559670782,126.56826568265683
68,LMP Simmons,1079,878,29,109.0,44.0,11.0,1.0,100,39.96296296296296,122.89293849658314,113.13320825515947,136.80781758957656,113.13320825515947
69,LRPL Taylor,1017,847,54,66.0,46.0,3.0,0.0,81,24.804878048780488,120.07083825265643,122.5,105.38302277432712,122.5
70,M Vohra,1012,800,45,97.0,39.0,3.0,0.0,95,24.095238095238095,126.5,120.14134275618375,131.06796116504853,120.14134275618375
71,KP Pietersen,1001,758,36,91.0,40.0,4.0,1.0,103,34.51724137931034,132.0580474934037,127.02702702702703,128.30188679245282,127.02702702702703
72,KH Pandya,1000,727,57,95.0,40.0,1.0,0.0,86,26.31578947368421,137.5515818431912,111.42857142857143,125.35211267605634,111.42857142857143
73,RA Tripathi,988,756,44,95.0,37.0,5.0,0.0,93,26.7027027027027,130.68783068783068,138.29268292682926,115.2,138.29268292682926
74,Y Venugopal Rao,985,865,52,77.0,37.0,3.0,0.0,71,23.452380952380953,113.8728323699422,78.125,104.40251572327044,78.125
75,A Symonds,974,781,36,74.0,41.0,5.0,1.0,117,37.46153846153846,124.71190781049935,100.73529411764706,121.42857142857143,100.73529411764706
76,JA Morkel,974,711,67,61.0,55.0,3.0,0.0,73,24.35,136.9901547116737,117.3913043478261,117.87072243346007,117.3913043478261
77,MC Henriques,969,769,50,87.0,27.0,5.0,0.0,74,27.685714285714287,126.00780234070221,117.9245283018868,109.39226519337016,117.9245283018868
78,CL White,954,769,45,76.0,36.0,6.0,0.0,78,27.257142857142856,124.05721716514954,78.84615384615384,113.04347826086956,78.84615384615384
79,Shubman Gill,939,766,37,87.0,24.0,7.0,0.0,76,34.77777777777778,122.58485639686684,116.98630136986301,128.7719298245614,116.98630136986301
80,BA Stokes,920,700,40,79.0,32.0,2.0,2.0,107,24.210526315789473,131.42857142857142,128.15533980582524,123.91304347826087,128.15533980582524
81,AR Patel,913,745,71,53.0,43.0,0.0,0.0,44,17.901960784313726,122.5503355704698,88.0952380952381,106.95652173913044,88.0952380952381
82,SP Narine,892,573,63,103.0,52.0,4.0,0.0,75,18.20408163265306,155.6719022687609,167.16417910447763,157.28155339805826,167.16417910447763
83,HH Gibbs,886,837,36,83.0,31.0,6.0,0.0,69,27.6875,105.8542413381123,99.0138067061144,109.85915492957747,99.0138067061144
84,STR Binny,880,700,66,66.0,35.0,0.0,0.0,48,20.0,125.71428571428571,65.38461538461539,117.53926701570681,65.38461538461539
85,Harbhajan Singh,829,632,86,79.0,42.0,1.0,0.0,64,14.803571428571429,131.17088607594937,105.79710144927536,102.25563909774436,105.79710144927536
86,PP Shaw,826,605,38,99.0,27.0,6.0,0.0,99,22.324324324324323,136.52892561983472,128.4164859002169,164.51612903225808,128.4164859002169
87,MP Stoinis,825,623,42,65.0,34.0,4.0,0.0,65,27.5,132.42375601926165,106.61157024793388,123.62869198312237,106.61157024793388
88,MS Bisla,798,737,39,93.0,23.0,4.0,0.0,92,21.56756756756757,108.27679782903664,99.80842911877394,123.62637362637362,99.80842911877394
89,JM Bairstow,790,576,21,79.0,31.0,5.0,1.0,114,39.5,137.15277777777777,125.92592592592592,154.1850220264317,125.92592592592592
90,ST Jayasuriya,768,573,30,84.0,39.0,4.0,1.0,114,26.482758620689655,134.03141361256544,126.95852534562212,156.11510791366908,126.95852534562212
91,Shakib Al Hasan,746,613,46,70.0,20.0,2.0,0.0,66,21.941176470588236,121.69657422512235,86.27450980392157,117.5226586102719,86.27450980392157
92,GC Smith,739,691,29,94.0,9.0,4.0,0.0,91,24.633333333333333,106.94645441389291,91.75946547884188,129.8507462686567,91.75946547884188
93,AD Mathews,724,599,41,44.0,29.0,1.0,0.0,65,23.35483870967742,120.86811352253756,68.75,99.64028776978417,68.75
94,TL Suman,676,587,39,55.0,26.0,2.0,0.0,78,22.533333333333335,115.1618398637138,100.49019607843137,119.78021978021978,100.49019607843137
95,AM Nayar,672,588,50,55.0,20.0,0.0,0.0,45,17.23076923076923,114.28571428571429,79.79797979797979,97.92387543252595,79.79797979797979
96,GJ Bailey,663,552,36,59.0,19.0,2.0,0.0,61,22.862068965517242,120.1086956521739,96.40718562874251,89.74358974358974,96.40718562874251
97,V Shankar,654,528,32,44.0,25.0,3.0,0.0,63,31.142857142857142,123.86363636363636,64.0,116.78321678321679,64.0
98,DJ Hooda,625,504,50,32.0,29.0,2.0,0.0,62,17.857142857142858,124.0079365079365,31.57894736842105,117.33870967741936,31.57894736842105
99,JD Ryder,604,466,29,69.0,19.0,4.0,0.0,86,20.82758620689655,129.6137339055794,128.2122905027933,125.0,128.2122905027933
100,PP Chawla,584,541,75,54.0,18.0,0.0,0.0,24,11.68,107.94824399260628,114.28571428571429,85.71428571428571,114.28571428571429
101,HM Amla,577,418,16,60.0,21.0,3.0,2.0,104,44.38461538461539,138.03827751196172,121.12068965517241,131.8181818181818,121.12068965517241
102,CH Morris,551,360,42,39.0,30.0,2.0,0.0,82,22.958333333333332,153.05555555555554,211.11111111111111,113.63636363636364,211.11111111111111
103,CJ Anderson,538,436,29,40.0,31.0,3.0,0.0,95,24.454545454545453,123.39449541284404,75.5813953488372,124.16666666666667,75.5813953488372
104,RS Bopara,531,468,22,39.0,16.0,3.0,0.0,84,27.94736842105263,113.46153846153847,89.47368421052632,104.18848167539267,89.47368421052632
105,JP Faulkner,527,405,45,36.0,23.0,0.0,0.0,46,19.51851851851852,130.12345679012347,73.6842105263158,80.43478260869566,73.6842105263158
106,N Pooran,521,323,20,33.0,39.0,2.0,0.0,77,30.647058823529413,161.3003095975232,163.1578947368421,160.84656084656083,163.1578947368421
107,M Manhas,514,486,38,43.0,10.0,0.0,0.0,42,21.416666666666668,105.76131687242798,83.78378378378379,93.69369369369369,83.78378378378379
108,Gurkeerat Singh,511,436,32,55.0,11.0,2.0,0.0,65,18.925925925925927,117.20183486238533,87.27272727272727,99.53051643192488,87.27272727272727
109,OA Shah,506,405,22,34.0,23.0,4.0,0.0,76,38.92307692307692,124.93827160493827,103.44827586206897,105.0761421319797,103.44827586206897
110,PC Valthaty,505,432,23,61.0,20.0,2.0,1.0,120,22.954545454545453,116.89814814814815,104.15335463258786,137.11340206185568,104.15335463258786
111,D Padikkal,473,398,15,51.0,8.0,5.0,0.0,74,33.785714285714285,118.84422110552764,120.16460905349794,118.05555555555556,120.16460905349794
112,DT Christian,446,384,34,22.0,19.0,0.0,0.0,39,18.583333333333332,116.14583333333333,40.0,90.06211180124224,40.0
113,SN Khan,441,321,25,50.0,11.0,1.0,0.0,67,22.05,137.38317757009347,117.94871794871794,112.03007518796993,117.94871794871794
114,E Lewis,430,343,16,36.0,26.0,2.0,0.0,65,26.875,125.36443148688046,127.23214285714286,124.34782608695652,127.23214285714286
115,SA Asnodkar,423,352,19,56.0,10.0,2.0,0.0,60,22.263157894736842,120.17045454545455,121.4574898785425,117.14285714285714,121.4574898785425
116,NLTC Perera,422,324,30,23.0,26.0,0.0,0.0,40,17.583333333333332,130.2469135802469,117.6470588235294,114.40677966101696,117.6470588235294
117,JR Hopes,417,314,19,49.0,11.0,4.0,0.0,71,24.529411764705884,132.80254777070064,121.93548387096774,146.01769911504425,121.93548387096774
118,R Ashwin,412,384,55,35.0,11.0,0.0,0.0,45,11.444444444444445,107.29166666666667,48.38709677419355,96.7032967032967,48.38709677419355
119,J Botha,409,364,28,39.0,5.0,1.0,0.0,67,18.59090909090909,112.36263736263736,78.08219178082192,114.88095238095238,78.08219178082192
120,LR Shukla,405,358,33,33.0,16.0,0.0,0.0,48,13.96551724137931,113.12849162011173,58.333333333333336,102.28571428571429,58.333333333333336
121,AL Menaria,401,367,23,24.0,18.0,0.0,0.0,40,18.227272727272727,109.26430517711172,81.48148148148148,109.72762645914396,81.48148148148148
122,MV Boucher,394,318,23,32.0,13.0,1.0,0.0,50,26.266666666666666,123.8993710691824,87.09677419354838,97.77777777777777,87.09677419354838
123,CA Pujara,390,403,22,50.0,4.0,1.0,0.0,51,21.666666666666668,96.7741935483871,90.76305220883535,105.4054054054054,90.76305220883535
124,Azhar Mahmood,388,311,21,39.0,13.0,2.0,0.0,80,20.42105263157895,124.7588424437299,90.9090909090909,127.71739130434783,90.9090909090909
125,DB Ravi Teja,375,325,25,35.0,9.0,1.0,0.0,60,18.75,115.38461538461539,91.54929577464789,110.15625,91.54929577464789
126,S Sohal,368,311,20,34.0,18.0,2.0,0.0,62,20.444444444444443,118.32797427652733,117.32283464566929,137.5,117.32283464566929
127,R Tewatia,366,280,23,24.0,20.0,1.0,0.0,53,28.153846153846153,130.71428571428572,72.72727272727273,95.65217391304348,72.72727272727273
128,P Negi,365,301,35,27.0,16.0,0.0,0.0,36,14.038461538461538,121.2624584717608,62.5,100.98039215686275,62.5
129,A Mishra,362,410,54,29.0,5.0,0.0,0.0,31,12.066666666666666,88.29268292682927,71.42857142857143,70.46979865771812,71.42857142857143
130,R Bhatia,342,290,47,24.0,13.0,0.0,0.0,26,11.793103448275861,117.93103448275862,100.0,80.35714285714286,100.0
131,P Kumar,340,323,57,22.0,17.0,0.0,0.0,34,10.0,105.26315789473684,75.0,85.1063829787234,75.0
132,AP Tare,339,285,27,40.0,11.0,1.0,0.0,59,14.125,118.94736842105263,108.0,164.7058823529412,108.0
133,SW Billings,334,256,19,31.0,10.0,3.0,0.0,56,17.57894736842105,130.46875,127.61904761904762,117.14285714285714,127.61904761904762
134,JEC Franklin,327,309,16,25.0,9.0,1.0,0.0,79,29.727272727272727,105.8252427184466,81.13207547169812,108.27067669172932,81.13207547169812
135,RN ten Doeschate,326,238,21,26.0,15.0,1.0,0.0,70,19.176470588235293,136.9747899159664,85.71428571428571,124.39024390243902,85.71428571428571
136,KV Sharma,317,285,34,18.0,14.0,0.0,0.0,39,15.095238095238095,111.2280701754386,66.66666666666667,95.87628865979381,66.66666666666667
137,R Vinay Kumar,310,289,42,21.0,9.0,0.0,0.0,26,11.923076923076923,0.0,0.0,0.0,0.0
138,MM Ali,309,199,17,21.0,23.0,3.0,0.0,66,23.76923076923077,155.27638190954775,88.37209302325581,166.66666666666666,88.37209302325581
139,DB Das,304,267,22,23.0,16.0,0.0,0.0,35,25.333333333333332,113.85767790262172,111.86440677966101,112.03703703703704,111.86440677966101
140,C de Grandhomme,303,229,21,18.0,18.0,0.0,0.0,40,20.2,132.31441048034935,11.11111111111111,137.8640776699029,11.11111111111111
141,LA Pomersbach,302,251,16,25.0,13.0,1.0,0.0,79,27.454545454545453,120.3187250996016,127.47252747252747,109.1743119266055,127.47252747252747
142,UBT Chand,300,314,20,32.0,9.0,1.0,0.0,58,15.0,95.54140127388536,90.10989010989012,93.80530973451327,90.10989010989012
143,DJG Sammy,295,251,20,15.0,18.0,1.0,0.0,60,19.666666666666668,117.52988047808765,127.27272727272727,104.31654676258992,127.27272727272727
144,SP Goswami,293,307,21,32.0,3.0,1.0,0.0,52,14.65,95.43973941368078,91.83673469387755,98.86363636363636,91.83673469387755
145,Y Nagar,285,271,20,20.0,9.0,0.0,0.0,44,19.0,105.1660516605166,45.45454545454545,80.8,45.45454545454545
146,GH Vihari,284,331,23,23.0,1.0,0.0,0.0,46,14.2,85.80060422960725,69.0909090909091,84.76821192052981,69.0909090909091
147,VVS Laxman,282,271,20,33.0,5.0,1.0,0.0,52,17.625,104.0590405904059,98.05825242718447,130.5084745762712,98.05825242718447
148,SM Curran,281,200,19,25.0,15.0,2.0,0.0,55,23.416666666666668,140.5,121.05263157894737,101.81818181818181,121.05263157894737
149,A Ashish Reddy,280,196,23,16.0,15.0,0.0,0.0,36,18.666666666666668,142.85714285714286,71.42857142857143,148.78048780487805,71.42857142857143
150,B Chipli,280,256,21,28.0,7.0,1.0,0.0,61,17.5,109.375,74.15730337078652,102.70270270270271,74.15730337078652
151,MJ Lumb,278,198,12,45.0,6.0,1.0,0.0,83,27.8,140.40404040404042,141.71428571428572,130.43478260869566,141.71428571428572
152,SO Hetmyer,275,203,16,15.0,19.0,1.0,0.0,75,21.153846153846153,135.4679802955665,100.0,139.50617283950618,100.0
153,MJ Guptill,270,196,13,24.0,15.0,1.0,0.0,50,22.5,137.75510204081633,137.8698224852071,137.03703703703704,137.8698224852071
154,R Sathish,270,236,24,22.0,6.0,0.0,0.0,27,16.875,114.40677966101696,0.0,99.06542056074767,0.0
155,M Kaif,259,258,22,22.0,6.0,0.0,0.0,34,16.1875,100.3875968992248,66.66666666666667,105.55555555555556,66.66666666666667
156,R Parag,246,214,13,23.0,8.0,1.0,0.0,50,24.6,114.95327102803738,16.666666666666668,96.61016949152543,16.666666666666668
157,SM Katich,241,191,11,26.0,8.0,2.0,0.0,75,24.1,126.17801047120419,127.64227642276423,123.07692307692308,127.64227642276423
158,BCJ Cutting,238,146,17,15.0,19.0,0.0,0.0,39,21.636363636363637,163.013698630137,50.0,116.66666666666667,50.0
159,MD Mishra,237,213,17,24.0,8.0,0.0,0.0,41,15.8,111.26760563380282,103.59712230215827,120.0,103.59712230215827
160,MR Marsh,225,202,15,9.0,14.0,0.0,0.0,38,17.307692307692307,111.38613861386139,0.0,93.93939393939394,0.0
161,PJ Cummins,223,176,19,14.0,12.0,1.0,0.0,53,17.153846153846153,126.70454545454545,20.0,96.61016949152543,20.0
162,K Goel,218,239,16,17.0,9.0,0.0,0.0,38,15.571428571428571,91.2133891213389,94.79768786127168,68.57142857142857,94.79768786127168
163,AA Jhunjhunwala,217,218,15,19.0,5.0,1.0,0.0,53,15.5,99.54128440366972,55.357142857142854,107.33944954128441,55.357142857142854
164,TM Head,205,151,10,12.0,8.0,1.0,0.0,75,34.166666666666664,135.76158940397352,66.66666666666667,130.88235294117646,66.66666666666667
165,CA Ingram,205,183,15,22.0,5.0,0.0,0.0,47,17.083333333333332,112.02185792349727,70.37037037037037,108.84955752212389,70.37037037037037
166,RD Gaikwad,204,173,6,16.0,6.0,3.0,0.0,72,68.0,117.91907514450867,93.82716049382717,137.70491803278688,93.82716049382717
167,PD Collingwood,203,159,7,9.0,13.0,3.0,0.0,75,50.75,127.67295597484276,112.5,104.8780487804878,112.5
168,SK Warne,198,219,27,14.0,6.0,0.0,0.0,34,10.421052631578947,0.0,0.0,0.0,0.0
169,SP Fleming,196,171,10,27.0,3.0,0.0,0.0,45,21.77777777777778,114.61988304093568,111.53846153846153,124.39024390243902,111.53846153846153
170,JC Archer,195,128,21,11.0,14.0,0.0,0.0,27,15.0,152.34375,0.0,118.18181818181819,0.0
171,AS Raut,194,172,16,13.0,7.0,0.0,0.0,36,17.636363636363637,112.79069767441861,83.33333333333333,123.07692307692308,83.33333333333333
172,Salman Butt,193,172,7,30.0,2.0,1.0,0.0,73,27.571428571428573,112.20930232558139,101.72413793103448,118.0,101.72413793103448
173,BJ Rohrer,193,145,8,21.0,5.0,1.0,0.0,64,32.166666666666664,133.10344827586206,100.0,104.62962962962963,100.0
174,YV Takawale,192,183,10,26.0,3.0,0.0,0.0,45,24.0,104.91803278688525,88.96551724137932,136.0,88.96551724137932
175,Bipul Sharma,187,124,17,11.0,9.0,0.0,0.0,35,31.166666666666668,0.0,0.0,0.0,0.0
176,K Gowtham,186,113,19,13.0,12.0,0.0,0.0,33,14.307692307692308,164.60176991150442,133.33333333333334,131.57894736842104,133.33333333333334
177,Washington Sundar,186,154,21,15.0,6.0,0.0,0.0,35,15.5,120.77922077922078,33.333333333333336,101.33333333333333,33.333333333333336
178,FY Fazal,183,179,11,22.0,1.0,0.0,0.0,45,20.333333333333332,102.23463687150839,94.56521739130434,107.4074074074074,94.56521739130434
179,B Kumar,183,199,42,17.0,3.0,0.0,0.0,24,7.625,0.0,0.0,0.0,0.0
180,CR Brathwaite,181,120,14,10.0,16.0,0.0,0.0,43,12.928571428571429,0.0,0.0,0.0,0.0
181,AC Voges,181,143,7,15.0,3.0,0.0,0.0,45,30.166666666666668,126.57342657342657,84.61538461538461,114.86486486486487,84.61538461538461
182,AB Agarkar,179,160,18,13.0,5.0,0.0,0.0,39,22.375,111.875,133.33333333333334,72.34042553191489,133.33333333333334
183,JJ Roy,179,139,8,18.0,8.0,1.0,0.0,91,29.833333333333332,128.77697841726618,115.4639175257732,136.8421052631579,115.4639175257732
184,MF Maharoof,177,124,14,12.0,9.0,0.0,0.0,39,17.7,142.74193548387098,50.0,128.125,50.0
185,C Munro,177,144,11,19.0,8.0,0.0,0.0,40,19.666666666666668,122.91666666666667,129.90654205607476,109.6774193548387,129.90654205607476
186,DH Yagnik,170,142,17,23.0,2.0,0.0,0.0,34,18.88888888888889,119.71830985915493,0.0,119.35483870967742,0.0
187,S Dube,169,142,13,6.0,12.0,0.0,0.0,27,15.363636363636363,119.01408450704226,125.0,104.16666666666667,125.0
188,CM Gautam,169,158,13,17.0,6.0,0.0,0.0,33,18.77777777777778,106.9620253164557,107.14285714285714,90.69767441860465,107.14285714285714
189,DW Steyn,167,163,33,14.0,3.0,0.0,0.0,19,7.590909090909091,0.0,0.0,0.0,0.0
190,MN van Wyk,167,135,5,19.0,1.0,1.0,0.0,74,55.666666666666664,123.70370370370371,103.2258064516129,113.11475409836065,103.2258064516129
191,MG Johnson,167,168,28,10.0,7.0,0.0,0.0,16,11.928571428571429,0.0,0.0,0.0,0.0
192,S Gopal,164,161,19,17.0,1.0,0.0,0.0,24,13.666666666666666,101.86335403726709,42.857142857142854,72.41379310344827,42.857142857142854
193,PA Reddy,164,167,10,15.0,2.0,0.0,0.0,42,16.4,98.20359281437126,91.66666666666667,92.85714285714286,91.66666666666667
194,MN Samuels,161,174,14,9.0,7.0,0.0,0.0,46,13.416666666666666,92.52873563218391,36.8421052631579,102.52100840336135,36.8421052631579
195,R McLaren,159,178,13,14.0,1.0,1.0,0.0,51,19.875,89.32584269662921,68.0,79.34782608695652,68.0
196,RE van der Merwe,159,144,15,11.0,8.0,0.0,0.0,35,13.25,110.41666666666667,102.56410256410257,113.79310344827586,102.56410256410257
197,R Dhawan,153,135,16,13.0,4.0,0.0,0.0,25,21.857142857142858,0.0,0.0,0.0,0.0
198,AD Hales,148,119,6,13.0,6.0,0.0,0.0,45,24.666666666666668,124.36974789915966,132.22222222222223,100.0,132.22222222222223
199,SM Pollock,147,116,8,12.0,8.0,0.0,0.0,33,18.375,126.72413793103448,50.0,100.0,50.0
200,Mohammad Nabi,146,102,11,13.0,7.0,0.0,0.0,31,16.22222222222222,0.0,0.0,0.0,0.0
201,S Vidyut,145,115,8,21.0,3.0,1.0,0.0,54,18.125,126.08695652173913,122.72727272727273,154.16666666666666,122.72727272727273
202,Abhishek Sharma,143,104,13,10.0,8.0,0.0,0.0,46,17.875,0.0,0.0,0.0,0.0
203,N Saini,140,143,10,0.0,0.0,1.0,0.0,50,12.727272727272727,97.9020979020979,91.75257731958763,115.78947368421052,91.75257731958763
204,Rashid Khan,139,99,23,8.0,11.0,0.0,0.0,34,8.6875,0.0,0.0,0.0,0.0
205,Sachin Baby,137,106,10,11.0,5.0,0.0,0.0,33,15.222222222222221,129.24528301886792,0.0,110.52631578947368,0.0
206,S Anirudha,136,121,12,9.0,7.0,1.0,0.0,64,17.0,112.39669421487604,100.0,84.375,100.0
207,PK Garg,133,116,10,9.0,4.0,1.0,0.0,51,14.777777777777779,114.65517241379311,120.0,80.95238095238095,120.0
208,SB Styris,131,134,10,10.0,3.0,0.0,0.0,36,18.714285714285715,97.76119402985074,70.83333333333333,90.2439024390244,70.83333333333333
209,W Jaffer,130,129,8,14.0,3.0,1.0,0.0,50,18.571428571428573,100.7751937984496,80.58252427184466,180.76923076923077,80.58252427184466
210,HV Patel,128,99,17,5.0,9.0,0.0,0.0,36,11.636363636363637,0.0,0.0,0.0,0.0
211,Kamran Akmal,128,78,6,13.0,8.0,1.0,0.0,53,32.0,164.10256410256412,121.42857142857143,268.42105263157896,121.42857142857143
212,UT Khawaja,127,105,6,14.0,3.0,0.0,0.0,30,25.4,120.95238095238095,129.41176470588235,85.0,129.41176470588235
213,D Wiese,127,94,8,12.0,4.0,0.0,0.0,47,25.4,0.0,0.0,0.0,0.0
214,P Dogra,127,141,12,4.0,5.0,0.0,0.0,41,10.583333333333334,0.0,0.0,0.0,0.0
215,M Morkel,126,93,20,11.0,5.0,0.0,0.0,23,11.454545454545455,0.0,0.0,0.0,0.0
216,K Rabada,125,135,13,9.0,4.0,0.0,0.0,44,13.88888888888889,92.5925925925926,50.0,89.0909090909091,50.0
217,MC Juneja,125,134,7,11.0,1.0,0.0,0.0,49,17.857142857142858,93.28358208955224,96.29629629629629,90.10989010989012,96.29629629629629
218,BB Samantray,125,116,8,13.0,2.0,1.0,0.0,55,25.0,107.75862068965517,81.48148148148148,105.17241379310344,81.48148148148148
219,B Lee,124,102,19,8.0,8.0,0.0,0.0,25,12.4,0.0,0.0,0.0,0.0
220,AB McDonald,123,103,9,9.0,4.0,0.0,0.0,33,24.6,119.41747572815534,157.89473684210526,81.25,157.89473684210526
221,UT Yadav,122,135,34,11.0,4.0,0.0,0.0,24,8.714285714285714,0.0,0.0,0.0,0.0
222,MM Sharma,122,120,25,9.0,4.0,0.0,0.0,21,8.714285714285714,0.0,0.0,0.0,0.0
223,Niraj Patel,121,124,6,14.0,1.0,1.0,0.0,57,24.2,97.58064516129032,74.28571428571429,103.2258064516129,74.28571428571429
224,DL Vettori,121,118,16,11.0,2.0,0.0,0.0,29,17.285714285714285,0.0,0.0,0.0,0.0
225,AC Blizzard,120,91,7,21.0,2.0,1.0,0.0,51,17.142857142857142,131.86813186813185,127.90697674418605,200.0,127.90697674418605
226,RJ Harris,117,112,21,6.0,3.0,0.0,0.0,17,9.75,0.0,0.0,0.0,0.0
227,Misbah-ul-Haq,117,82,8,10.0,6.0,0.0,0.0,47,13.0,142.6829268292683,131.8181818181818,115.0,131.8181818181818
228,Z Khan,117,141,27,11.0,2.0,0.0,0.0,23,7.8,82.97872340425532,0.0,31.03448275862069,0.0
229,KK Cooper,116,70,12,9.0,8.0,0.0,0.0,32,12.88888888888889,165.71428571428572,122.22222222222223,152.94117647058823,122.22222222222223
230,DJM Short,115,102,7,11.0,5.0,0.0,0.0,44,16.428571428571427,112.74509803921569,80.28169014084507,187.09677419354838,80.28169014084507
231,TG Southee,115,91,13,8.0,4.0,0.0,0.0,36,19.166666666666668,0.0,0.0,0.0,0.0
232,M Kartik,113,109,14,7.0,1.0,0.0,0.0,21,16.142857142857142,0.0,0.0,0.0,0.0
233,Abdul Samad,111,66,7,8.0,6.0,0.0,0.0,33,22.2,0.0,0.0,0.0,0.0
234,DJ Harris,111,103,4,11.0,5.0,0.0,0.0,47,37.0,107.76699029126213,86.66666666666667,164.28571428571428,86.66666666666667
235,LJ Wright,106,63,5,16.0,3.0,0.0,0.0,44,26.5,168.25396825396825,90.0,86.66666666666667,90.0
236,TK Curran,106,91,8,8.0,3.0,1.0,0.0,54,26.5,0.0,0.0,0.0,0.0
237,JDP Oram,106,110,11,6.0,5.0,0.0,0.0,41,13.25,0.0,0.0,0.0,0.0
238,DS Kulkarni,104,113,20,7.0,2.0,0.0,0.0,28,11.555555555555555,0.0,0.0,0.0,0.0
239,JO Holder,104,86,9,9.0,5.0,0.0,0.0,26,14.857142857142858,120.93023255813954,71.42857142857143,142.30769230769232,71.42857142857143
240,RJ Quiney,103,105,7,12.0,3.0,1.0,0.0,51,14.714285714285714,98.0952380952381,86.07594936708861,147.82608695652175,86.07594936708861
241,MS Gony,99,76,15,6.0,8.0,0.0,0.0,42,11.0,0.0,0.0,0.0,0.0
242,SD Chitnis,99,92,8,10.0,2.0,0.0,0.0,38,14.142857142857142,107.6086956521739,53.84615384615385,119.51219512195122,53.84615384615385
243,CJ Ferguson,98,119,8,0.0,0.0,0.0,0.0,23,16.333333333333332,82.3529411764706,68.75,84.12698412698413,68.75
244,MJ Clarke,98,96,6,0.0,0.0,0.0,0.0,41,16.333333333333332,102.08333333333333,106.49350649350649,84.21052631578948,106.49350649350649
245,MA Starc,96,98,11,0.0,0.0,0.0,0.0,29,16.0,0.0,0.0,0.0,0.0
246,DJ Jacobs,92,101,7,10.0,4.0,0.0,0.0,32,13.142857142857142,91.08910891089108,88.42105263157895,133.33333333333334,88.42105263157895
247,PR Shah,92,97,9,9.0,2.0,0.0,0.0,29,11.5,94.84536082474227,90.0,87.87878787878788,90.0
248,S Rana,91,82,8,9.0,1.0,0.0,0.0,19,18.2,110.97560975609755,84.0,28.571428571428573,84.0
249,AJ Tye,91,79,13,6.0,5.0,0.0,0.0,25,11.375,0.0,0.0,0.0,0.0
250,RT Ponting,91,129,9,5.0,2.0,0.0,0.0,28,11.375,70.54263565891473,67.04545454545455,78.04878048780488,67.04545454545455
251,AD Nath,90,99,10,7.0,2.0,0.0,0.0,24,9.0,90.9090909090909,72.22222222222223,98.21428571428571,72.22222222222223
252,Iqbal Abdulla,88,86,13,9.0,1.0,0.0,0.0,33,88.0,0.0,0.0,0.0,0.0
253,SL Malinga,88,103,20,6.0,5.0,0.0,0.0,17,7.333333333333333,0.0,0.0,0.0,0.0
254,Ankit Sharma,87,69,10,7.0,4.0,0.0,0.0,30,12.428571428571429,126.08695652173913,116.66666666666667,110.0,116.66666666666667
255,MK Lomror,87,78,6,5.0,3.0,0.0,0.0,47,17.4,111.53846153846153,110.0,108.57142857142857,110.0
256,AP Majumdar,87,77,4,7.0,2.0,0.0,0.0,31,21.75,112.98701298701299,126.3157894736842,110.9090909090909,126.3157894736842
257,MJ McClenaghan,85,73,20,5.0,7.0,0.0,0.0,20,7.7272727272727275,116.43835616438356,0.0,145.0,0.0
258,RE Levi,83,74,6,10.0,4.0,1.0,0.0,50,13.833333333333334,112.16216216216216,113.84615384615384,100.0,113.84615384615384
259,LA Carseldine,81,71,5,0.0,0.0,0.0,0.0,39,27.0,114.08450704225352,104.8780487804878,105.88235294117646,104.8780487804878
260,WPUJC Vaas,81,73,11,2.0,3.0,0.0,0.0,20,11.571428571428571,0.0,0.0,0.0,0.0
261,Shahid Afridi,81,46,9,7.0,6.0,0.0,0.0,33,10.125,176.08695652173913,226.31578947368422,94.11764705882354,226.31578947368422
262,AD Mascarenhas,79,79,11,5.0,1.0,0.0,0.0,27,7.9,100.0,200.0,72.22222222222223,200.0
263,DL Chahar,78,58,10,2.0,6.0,0.0,0.0,39,11.142857142857142,134.48275862068965,0.0,166.66666666666666,0.0
264,JR Philippe,78,80,5,9.0,1.0,0.0,0.0,33,19.5,97.5,96.82539682539682,106.66666666666667,96.82539682539682
265,RK Singh,77,79,8,6.0,2.0,0.0,0.0,30,11.0,97.46835443037975,150.0,91.66666666666667,150.0
266,NM Coulter-Nile,77,68,13,7.0,4.0,0.0,0.0,24,9.625,0.0,0.0,0.0,0.0
267,B Akhil,76,57,11,5.0,5.0,0.0,0.0,27,10.857142857142858,0.0,0.0,0.0,0.0
268,IR Jaggi,76,100,7,0.0,0.0,0.0,0.0,28,15.2,76.0,60.416666666666664,91.89189189189189,60.416666666666664
269,TR Birt,75,59,5,9.0,2.0,0.0,0.0,27,15.0,127.11864406779661,16.666666666666668,87.5,16.666666666666668
270,M Klinger,73,78,4,0.0,0.0,0.0,0.0,29,18.25,93.58974358974359,93.44262295081967,94.11764705882354,93.44262295081967
271,RR Sarwan,73,78,4,6.0,1.0,0.0,0.0,31,24.333333333333332,93.58974358974359,100.0,82.14285714285714,100.0
272,SE Rutherford,73,55,7,2.0,7.0,0.0,0.0,28,14.6,0.0,0.0,0.0,0.0
273,LS Livingstone,70,48,4,6.0,5.0,0.0,0.0,44,23.333333333333332,145.83333333333334,157.5,100.0,157.5
274,AA Bilakhia,69,88,7,0.0,0.0,0.0,0.0,22,13.8,78.4090909090909,67.5,42.857142857142854,67.5
275,RR Powar,67,64,9,6.0,1.0,0.0,0.0,28,22.333333333333332,0.0,0.0,0.0,0.0
276,R Sharma,66,77,19,5.0,3.0,0.0,0.0,14,6.0,0.0,0.0,0.0,0.0
277,H Klaasen,66,58,6,5.0,1.0,0.0,0.0,32,13.2,113.79310344827586,92.85714285714286,66.66666666666667,92.85714285714286
278,JD Unadkat,64,67,13,6.0,1.0,0.0,0.0,26,8.0,0.0,0.0,0.0,0.0
279,Mohammad Hafeez,64,84,8,7.0,2.0,0.0,0.0,16,8.0,76.19047619047619,73.6842105263158,70.27027027027027,73.6842105263158
280,Anirudh Singh,63,69,4,6.0,1.0,0.0,0.0,40,15.75,91.30434782608695,81.81818181818181,96.96969696969697,81.81818181818181
281,WD Parnell,63,80,12,4.0,1.0,0.0,0.0,16,7.0,78.75,73.33333333333333,62.5,73.33333333333333
282,CR Woakes,63,66,11,5.0,2.0,0.0,0.0,18,12.6,0.0,0.0,0.0,0.0
283,A Flintoff,62,57,3,5.0,2.0,0.0,0.0,24,31.0,108.7719298245614,93.75,95.65217391304348,93.75
284,JDS Neesham,61,64,6,3.0,2.0,0.0,0.0,22,12.2,0.0,0.0,0.0,0.0
285,S Aravind,59,59,10,0.0,0.0,0.0,0.0,14,19.666666666666668,0.0,0.0,0.0,0.0
286,Kuldeep Yadav,57,76,10,0.0,0.0,0.0,0.0,16,14.25,0.0,0.0,0.0,0.0
287,WA Mota,56,76,8,0.0,0.0,0.0,0.0,25,11.2,0.0,0.0,0.0,0.0
288,Mohammed Shami,56,57,18,5.0,2.0,0.0,0.0,21,5.6,0.0,0.0,0.0,0.0
289,M Rawat,55,70,11,4.0,1.0,0.0,0.0,23,11.0,78.57142857142857,0.0,68.18181818181819,0.0
290,I Sharma,55,62,18,4.0,2.0,0.0,0.0,10,7.857142857142857,0.0,0.0,0.0,0.0
291,J Suchith,54,48,6,4.0,2.0,0.0,0.0,34,27.0,0.0,0.0,0.0,0.0
292,RR Rossouw,53,51,5,3.0,3.0,0.0,0.0,24,8.833333333333334,103.92156862745098,87.5,68.75,87.5
293,A Chopra,53,75,6,0.0,0.0,0.0,0.0,24,10.6,70.66666666666667,64.44444444444444,82.14285714285714,64.44444444444444
294,Shoaib Malik,52,49,5,0.0,0.0,0.0,0.0,24,13.0,106.12244897959184,100.0,109.52380952380952,100.0
295,RP Singh,52,78,28,2.0,1.0,0.0,0.0,10,3.466666666666667,0.0,0.0,0.0,0.0
296,R Rampaul,51,52,7,3.0,2.0,0.0,0.0,23,10.2,0.0,0.0,0.0,0.0
297,KB Arun Karthik,51,53,8,4.0,1.0,0.0,0.0,19,10.2,0.0,0.0,0.0,0.0
298,RV Gomez,50,53,9,5.0,1.0,0.0,0.0,26,7.142857142857143,94.33962264150944,0.0,0.0,0.0
299,VR Aaron,50,73,12,2.0,2.0,0.0,0.0,17,12.5,0.0,0.0,0.0,0.0
300,AS Yadav,49,40,6,5.0,2.0,0.0,0.0,16,7.0,0.0,0.0,0.0,0.0
301,AG Paunikar,49,61,5,0.0,0.0,0.0,0.0,20,9.8,0.0,0.0,0.0,0.0
302,SB Bangar,49,58,7,1.0,3.0,0.0,0.0,17,8.166666666666666,0.0,0.0,0.0,0.0
303,SN Thakur,48,42,9,5.0,1.0,0.0,0.0,15,9.6,0.0,0.0,0.0,0.0
304,Yashpal Singh,47,67,4,0.0,0.0,0.0,0.0,20,11.75,70.14925373134328,46.15384615384615,80.0,46.15384615384615
305,Mohammed Siraj,46,52,9,4.0,1.0,0.0,0.0,14,9.2,0.0,0.0,0.0,0.0
306,Sandeep Sharma,44,59,21,0.0,0.0,0.0,0.0,9,8.8,0.0,0.0,0.0,0.0
307,LH Ferguson,44,30,3,4.0,1.0,0.0,0.0,24,44.0,0.0,0.0,0.0,0.0
308,Sunny Singh,43,31,5,6.0,1.0,0.0,0.0,20,10.75,138.70967741935485,160.0,166.66666666666666,160.0
309,AB Barath,42,43,3,5.0,1.0,0.0,0.0,33,21.0,97.67441860465117,111.11111111111111,100.0,111.11111111111111
310,SK Trivedi,42,61,14,3.0,1.0,0.0,0.0,9,5.25,0.0,0.0,0.0,0.0
311,A Nehra,41,63,17,3.0,1.0,0.0,0.0,22,5.125,0.0,0.0,0.0,0.0
312,JJ Bumrah,40,42,11,2.0,1.0,0.0,0.0,16,10.0,0.0,0.0,0.0,0.0
313,YBK Jaiswal,40,44,3,2.0,2.0,0.0,0.0,34,13.333333333333334,90.9090909090909,66.66666666666667,142.85714285714286,66.66666666666667
314,LPC Silva,40,27,3,5.0,1.0,0.0,0.0,23,20.0,148.14814814814815,140.0,42.857142857142854,140.0
315,BR Dunk,40,36,3,0.0,0.0,0.0,0.0,20,13.333333333333334,0.0,0.0,0.0,0.0
316,MM Patel,39,41,12,0.0,0.0,0.0,0.0,23,7.8,0.0,0.0,0.0,0.0
317,DJ Thornely,39,54,4,2.0,2.0,0.0,0.0,30,13.0,72.22222222222223,27.586206896551722,124.0,27.586206896551722
318,S Nadeem,39,87,19,0.0,0.0,0.0,0.0,6,2.6,0.0,0.0,0.0,0.0
319,Umar Gul,39,19,4,1.0,5.0,0.0,0.0,24,13.0,0.0,0.0,0.0,0.0
320,AUK Pathan,39,26,7,5.0,2.0,0.0,0.0,14,7.8,150.0,210.0,100.0,210.0
321,SP Jackson,38,31,3,0.0,0.0,0.0,0.0,16,19.0,122.58064516129032,111.11111111111111,100.0,111.11111111111111
322,S Narwal,37,29,4,0.0,0.0,0.0,0.0,23,9.25,0.0,0.0,0.0,0.0
323,Joginder Sharma,36,30,5,1.0,2.0,0.0,0.0,16,9.0,0.0,0.0,0.0,0.0
324,AN Ahmed,36,27,6,4.0,1.0,0.0,0.0,18,36.0,0.0,0.0,0.0,0.0
325,L Balaji,36,50,13,2.0,1.0,0.0,0.0,15,5.142857142857143,0.0,0.0,0.0,0.0
326,KW Richardson,36,39,4,2.0,1.0,0.0,0.0,26,12.0,0.0,0.0,0.0,0.0
327,Sohail Tanvir,36,31,5,3.0,1.0,0.0,0.0,13,12.0,116.12903225806451,162.5,110.0,162.5
328,Anureet Singh,36,47,8,2.0,1.0,0.0,0.0,15,9.0,0.0,0.0,0.0,0.0
329,B Sumanth,35,38,4,0.0,0.0,0.0,0.0,16,35.0,0.0,0.0,0.0,0.0
330,A Kumble,35,49,15,0.0,0.0,0.0,0.0,8,17.5,0.0,0.0,0.0,0.0
331,AP Dole,34,23,2,3.0,1.0,0.0,0.0,30,17.0,0.0,0.0,0.0,0.0
332,A Mithun,34,26,6,4.0,1.0,0.0,0.0,11,6.8,0.0,0.0,0.0,0.0
333,L Ronchi,34,37,5,6.0,1.0,0.0,0.0,13,11.333333333333334,0.0,0.0,0.0,0.0
334,S Sreesanth,34,57,12,0.0,0.0,0.0,0.0,15,11.333333333333334,0.0,0.0,0.0,0.0
335,D Salunkhe,33,24,3,0.0,0.0,0.0,0.0,26,33.0,0.0,0.0,0.0,0.0
336,N Jagadeesan,33,31,2,0.0,0.0,0.0,0.0,33,16.5,106.45161290322581,42.857142857142854,125.0,42.857142857142854
337,Imran Tahir,33,37,8,0.0,0.0,0.0,0.0,13,8.25,0.0,0.0,0.0,0.0
338,MJ Santner,32,25,2,0.0,0.0,0.0,0.0,22,32.0,0.0,0.0,0.0,0.0
339,Basil Thampi,32,37,7,1.0,1.0,0.0,0.0,13,16.0,0.0,0.0,0.0,0.0
340,CJ Jordan,32,38,6,0.0,0.0,0.0,0.0,13,8.0,0.0,0.0,0.0,0.0
341,RJ Peterson,32,32,5,3.0,1.0,0.0,0.0,16,10.666666666666666,0.0,0.0,0.0,0.0
342,AT Carey,32,29,3,0.0,0.0,0.0,0.0,14,16.0,0.0,0.0,0.0,0.0
343,P Simran Singh,31,33,3,3.0,1.0,0.0,0.0,16,10.333333333333334,93.93939393939394,137.5,16.666666666666668,137.5
344,T Taibu,31,26,3,0.0,0.0,0.0,0.0,15,10.333333333333334,0.0,0.0,0.0,0.0
345,NS Naik,31,53,4,0.0,0.0,0.0,0.0,22,7.75,58.490566037735846,41.1764705882353,78.57142857142857,41.1764705882353
346,S Sriram,31,38,2,0.0,0.0,0.0,0.0,27,15.5,81.57894736842105,107.6923076923077,68.0,107.6923076923077
347,VH Zol,29,26,2,3.0,1.0,0.0,0.0,16,14.5,111.53846153846153,104.54545454545455,150.0,104.54545454545455
348,NA Saini,29,31,5,0.0,0.0,0.0,0.0,12,14.5,93.54838709677419,0.0,60.0,0.0
349,J Syed Mohammad,29,27,5,0.0,0.0,0.0,0.0,13,14.5,0.0,0.0,0.0,0.0
350,SB Jakati,28,30,5,0.0,0.0,0.0,0.0,13,14.0,0.0,0.0,0.0,0.0
351,M Markande,27,30,7,0.0,0.0,0.0,0.0,7,9.0,0.0,0.0,0.0,0.0
352,AS Rajpoot,26,41,7,2.0,1.0,0.0,0.0,8,6.5,0.0,0.0,0.0,0.0
353,NL McCullum,26,23,2,0.0,0.0,0.0,0.0,15,8.666666666666666,0.0,0.0,0.0,0.0
354,JM Kemp,26,25,2,1.0,1.0,0.0,0.0,22,13.0,104.0,150.0,130.0,150.0
355,AB Dinda,26,50,16,0.0,0.0,0.0,0.0,7,2.888888888888889,0.0,0.0,0.0,0.0
356,S Chanderpaul,25,33,3,0.0,0.0,0.0,0.0,16,8.333333333333334,0.0,0.0,0.0,0.0
357,A Choudhary,25,20,3,1.0,1.0,0.0,0.0,15,12.5,0.0,0.0,0.0,0.0
358,ER Dwivedi,24,15,2,2.0,2.0,0.0,0.0,19,12.0,0.0,0.0,0.0,0.0
359,PJ Sangwan,24,41,13,0.0,0.0,0.0,0.0,6,3.4285714285714284,0.0,0.0,0.0,0.0
360,KC Cariappa,24,21,5,0.0,0.0,0.0,0.0,12,8.0,0.0,0.0,0.0,0.0
361,MA Khote,24,22,3,2.0,1.0,0.0,0.0,9,12.0,0.0,0.0,0.0,0.0
362,SW Tait,23,26,5,1.0,1.0,0.0,0.0,11,7.666666666666667,0.0,0.0,0.0,0.0
363,BMAJ Mendis,23,27,3,0.0,0.0,0.0,0.0,12,7.666666666666667,85.18518518518519,42.857142857142854,100.0,42.857142857142854
364,J Arunkumar,23,24,3,0.0,0.0,0.0,0.0,22,7.666666666666667,0.0,0.0,0.0,0.0
365,Shivam Mavi,23,29,6,0.0,0.0,0.0,0.0,9,4.6,0.0,0.0,0.0,0.0
366,YS Chahal,22,54,14,0.0,0.0,0.0,0.0,4,4.4,0.0,0.0,0.0,0.0
367,MS Wade,22,33,3,0.0,0.0,0.0,0.0,8,7.333333333333333,66.66666666666667,50.0,78.94736842105263,50.0
368,GB Hogg,22,22,4,0.0,0.0,0.0,0.0,13,11.0,0.0,0.0,0.0,0.0
369,KL Nagarkoti,22,32,6,0.0,0.0,0.0,0.0,8,7.333333333333333,0.0,0.0,0.0,0.0
370,DE Bollinger,21,23,4,1.0,1.0,0.0,0.0,16,21.0,0.0,0.0,0.0,0.0
371,TU Deshpande,21,12,2,2.0,1.0,0.0,0.0,20,21.0,0.0,0.0,0.0,0.0
372,Harpreet Brar,20,14,1,2.0,1.0,0.0,0.0,20,0.0,0.0,0.0,0.0,0.0
373,M Muralitharan,20,30,9,0.0,0.0,0.0,0.0,6,3.3333333333333335,0.0,0.0,0.0,0.0
374,RR Raje,20,18,5,1.0,1.0,0.0,0.0,11,20.0,0.0,0.0,0.0,0.0
375,Harpreet Singh,20,26,3,0.0,0.0,0.0,0.0,13,10.0,0.0,0.0,0.0,0.0
376,NJ Maddinson,20,21,3,0.0,0.0,0.0,0.0,12,6.666666666666667,0.0,0.0,0.0,0.0
377,AC Thomas,20,19,4,1.0,1.0,0.0,0.0,12,10.0,0.0,0.0,0.0,0.0
378,Y Gnaneswara Rao,19,18,1,0.0,0.0,0.0,0.0,19,19.0,0.0,0.0,0.0,0.0
379,Vishnu Vinod,19,26,3,1.0,1.0,0.0,0.0,9,6.333333333333333,0.0,0.0,0.0,0.0
380,P Sahu,19,13,2,1.0,1.0,0.0,0.0,18,0.0,0.0,0.0,0.0,0.0
381,R Bishnoi,19,17,3,1.0,2.0,0.0,0.0,18,6.333333333333333,111.76470588235294,128.57142857142858,0.0,128.57142857142858
382,P Ray Barman,19,25,1,0.0,0.0,0.0,0.0,19,19.0,0.0,0.0,0.0,0.0
383,DR Martyn,19,26,1,0.0,0.0,0.0,0.0,19,9.5,73.07692307692308,50.0,66.66666666666667,50.0
384,A Mukund,19,23,2,0.0,0.0,0.0,0.0,19,9.5,82.6086956521739,94.73684210526316,33.333333333333336,94.73684210526316
385,R Shukla,19,23,4,0.0,0.0,0.0,0.0,14,9.5,0.0,0.0,0.0,0.0
386,JJ van der Wath,18,17,3,1.0,1.0,0.0,0.0,14,9.0,0.0,0.0,0.0,0.0
387,T Banton,18,22,2,1.0,1.0,0.0,0.0,10,9.0,0.0,0.0,0.0,0.0
388,KMA Paul,18,26,5,1.0,1.0,0.0,0.0,7,4.5,0.0,0.0,0.0,0.0
389,Harmeet Singh,18,12,4,0.0,0.0,0.0,0.0,14,9.0,0.0,0.0,0.0,0.0
390,DS Lehmann,18,19,2,0.0,0.0,0.0,0.0,17,9.0,94.73684210526316,125.0,86.66666666666667,125.0
391,PV Tambe,18,39,6,0.0,0.0,0.0,0.0,7,18.0,0.0,0.0,0.0,0.0
392,BJ Haddin,18,11,1,2.0,1.0,0.0,0.0,18,18.0,0.0,0.0,0.0,0.0
393,RD Chahar,17,17,6,0.0,0.0,0.0,0.0,10,8.5,0.0,0.0,0.0,0.0
394,Parvez Rasool,17,20,4,0.0,0.0,0.0,0.0,10,8.5,0.0,0.0,0.0,0.0
395,PP Ojha,16,45,19,0.0,0.0,0.0,0.0,3,1.6,0.0,0.0,0.0,0.0
396,CK Kapugedera,16,24,3,0.0,0.0,0.0,0.0,8,5.333333333333333,0.0,0.0,0.0,0.0
397,SD Lad,15,13,1,1.0,1.0,0.0,0.0,15,15.0,0.0,0.0,0.0,0.0
398,AS Joseph,15,13,1,0.0,0.0,0.0,0.0,15,0.0,0.0,0.0,0.0,0.0
399,SA Abbott,15,13,2,1.0,1.0,0.0,0.0,14,15.0,0.0,0.0,0.0,0.0
400,JL Pattinson,15,13,2,0.0,0.0,0.0,0.0,11,15.0,0.0,0.0,0.0,0.0
401,GR Napier,15,16,1,0.0,0.0,0.0,0.0,15,15.0,0.0,0.0,0.0,0.0
402,C Madan,15,21,1,0.0,0.0,0.0,0.0,15,15.0,0.0,0.0,0.0,0.0
403,I Udana,15,11,4,1.0,1.0,0.0,0.0,10,5.0,0.0,0.0,0.0,0.0
404,VY Mahesh,15,28,5,0.0,0.0,0.0,0.0,6,7.5,0.0,0.0,0.0,0.0
405,F Behardien,14,13,3,0.0,0.0,0.0,0.0,9,7.0,0.0,0.0,0.0,0.0
406,MDKJ Perera,14,13,2,0.0,0.0,0.0,0.0,14,7.0,0.0,0.0,0.0,0.0
407,S Badree,13,25,5,0.0,0.0,0.0,0.0,8,2.6,52.0,0.0,62.5,0.0
408,DR Shorey,13,20,2,0.0,0.0,0.0,0.0,8,6.5,0.0,0.0,0.0,0.0
409,DT Patil,13,13,2,0.0,0.0,0.0,0.0,9,13.0,0.0,0.0,0.0,0.0
410,KJ Abbott,13,8,3,0.0,0.0,0.0,0.0,12,13.0,0.0,0.0,0.0,0.0
411,AA Chavan,12,11,3,0.0,0.0,0.0,0.0,7,12.0,0.0,0.0,0.0,0.0
412,Karanveer Singh,12,17,4,0.0,0.0,0.0,0.0,5,12.0,0.0,0.0,0.0,0.0
413,S Kaul,12,28,7,0.0,0.0,0.0,0.0,7,4.0,0.0,0.0,0.0,0.0
414,AR Bawne,12,12,1,0.0,0.0,0.0,0.0,12,0.0,0.0,0.0,0.0,0.0
415,K Upadhyay,12,9,2,0.0,0.0,0.0,0.0,11,0.0,0.0,0.0,0.0,0.0
416,TA Boult,12,15,5,0.0,0.0,0.0,0.0,6,4.0,0.0,0.0,0.0,0.0
417,DAJ Bracewell,12,9,1,0.0,0.0,0.0,0.0,12,0.0,0.0,0.0,0.0,0.0
418,T Thushara,12,19,4,0.0,0.0,0.0,0.0,8,6.0,0.0,0.0,0.0,0.0
419,Swapnil Singh,12,20,3,0.0,0.0,0.0,0.0,10,4.0,0.0,0.0,0.0,0.0
420,DNT Zoysa,11,9,2,0.0,0.0,0.0,0.0,10,11.0,0.0,0.0,0.0,0.0
421,T Kohli,11,20,3,0.0,0.0,0.0,0.0,7,3.6666666666666665,0.0,0.0,0.0,0.0
422,T Henderson,11,16,2,0.0,0.0,0.0,0.0,11,11.0,68.75,20.0,150.0,20.0
423,Mujeeb Ur Rahman,11,14,5,0.0,0.0,0.0,0.0,10,3.6666666666666665,0.0,0.0,0.0,0.0
424,M Ntini,11,19,2,0.0,0.0,0.0,0.0,11,11.0,0.0,0.0,0.0,0.0
425,KAJ Roach,10,9,1,0.0,0.0,0.0,0.0,10,10.0,0.0,0.0,0.0,0.0
426,D du Preez,10,13,1,0.0,0.0,0.0,0.0,10,10.0,0.0,0.0,0.0,0.0
427,J Theron,10,13,4,0.0,0.0,0.0,0.0,7,5.0,0.0,0.0,0.0,0.0
428,AG Murtaza,10,14,3,0.0,0.0,0.0,0.0,5,10.0,0.0,0.0,0.0,0.0
429,CV Varun,10,16,3,0.0,0.0,0.0,0.0,7,5.0,0.0,0.0,0.0,0.0
430,BB Sran,10,14,7,0.0,0.0,0.0,0.0,3,10.0,0.0,0.0,0.0,0.0
431,TD Paine,10,29,2,0.0,0.0,0.0,0.0,8,5.0,0.0,0.0,0.0,0.0
432,X Thalaivan Sargunam,10,17,1,0.0,0.0,0.0,0.0,10,10.0,0.0,0.0,0.0,0.0
433,SMSM Senanayake,10,17,4,0.0,0.0,0.0,0.0,7,10.0,0.0,0.0,0.0,0.0
434,SM Harwood,9,14,2,0.0,0.0,0.0,0.0,6,0.0,0.0,0.0,0.0,0.0
435,AA Noffke,9,12,1,0.0,0.0,0.0,0.0,9,9.0,0.0,0.0,0.0,0.0
436,JPR Scantlebury-Searles,8,6,2,0.0,0.0,0.0,0.0,6,8.0,0.0,0.0,0.0,0.0
437,TS Mills,8,11,3,0.0,0.0,0.0,0.0,6,2.6666666666666665,0.0,0.0,0.0,0.0
438,P Chopra,8,6,1,0.0,0.0,0.0,0.0,8,8.0,0.0,0.0,0.0,0.0
439,CK Langeveldt,8,9,2,0.0,0.0,0.0,0.0,8,4.0,0.0,0.0,0.0,0.0
440,TM Srivastava,8,11,3,0.0,0.0,0.0,0.0,7,8.0,0.0,0.0,0.0,0.0
441,Jaskaran Singh,8,11,4,0.0,0.0,0.0,0.0,4,4.0,0.0,0.0,0.0,0.0
442,M Ashwin,8,12,6,0.0,0.0,0.0,0.0,4,2.0,0.0,0.0,0.0,0.0
443,CJ McKay,8,15,1,0.0,0.0,0.0,0.0,8,8.0,0.0,0.0,0.0,0.0
444,UA Birla,7,15,1,0.0,0.0,0.0,0.0,7,7.0,46.666666666666664,50.0,0.0,50.0
445,AN Ghosh,7,8,2,0.0,0.0,0.0,0.0,7,3.5,87.5,100.0,0.0,100.0
446,VS Malik,7,7,2,0.0,0.0,0.0,0.0,6,7.0,0.0,0.0,0.0,0.0
447,AF Milne,7,12,3,0.0,0.0,0.0,0.0,5,2.3333333333333335,0.0,0.0,0.0,0.0
448,A Nortje,7,6,3,0.0,0.0,0.0,0.0,3,7.0,0.0,0.0,0.0,0.0
449,RK Bhui,7,18,2,0.0,0.0,0.0,0.0,7,3.5,38.888888888888886,0.0,58.333333333333336,0.0
450,I Malhotra,7,4,1,0.0,0.0,0.0,0.0,7,0.0,0.0,0.0,0.0,0.0
451,IS Sodhi,7,18,2,0.0,0.0,0.0,0.0,6,3.5,0.0,0.0,0.0,0.0
452,Ankit Soni,7,9,3,0.0,0.0,0.0,0.0,7,3.5,0.0,0.0,0.0,0.0
453,P Dubey,7,13,1,0.0,0.0,0.0,0.0,7,0.0,0.0,0.0,0.0,0.0
454,Ravi Bishnoi,7,12,2,0.0,0.0,0.0,0.0,6,7.0,0.0,0.0,0.0,0.0
455,Pankaj Singh,7,12,5,0.0,0.0,0.0,0.0,4,3.5,0.0,0.0,0.0,0.0
456,DM Bravo,6,5,1,0.0,0.0,0.0,0.0,6,0.0,0.0,0.0,0.0,0.0
457,SB Joshi,6,16,2,0.0,0.0,0.0,0.0,3,3.0,0.0,0.0,0.0,0.0
458,SS Shaikh,6,7,1,0.0,0.0,0.0,0.0,6,0.0,0.0,0.0,0.0,0.0
459,PSP Handscomb,6,12,1,0.0,0.0,0.0,0.0,6,6.0,0.0,0.0,0.0,0.0
460,BA Bhatt,6,7,2,0.0,0.0,0.0,0.0,6,0.0,0.0,0.0,0.0,0.0
461,J Yadav,6,12,2,0.0,0.0,0.0,0.0,5,0.0,0.0,0.0,0.0,0.0
462,SJ Srivastava,5,5,4,0.0,0.0,0.0,0.0,3,5.0,0.0,0.0,0.0,0.0
463,Shivam Sharma,5,3,2,0.0,0.0,0.0,0.0,4,5.0,0.0,0.0,0.0,0.0
464,Rasikh Salam,5,4,1,0.0,0.0,0.0,0.0,5,0.0,0.0,0.0,0.0,0.0
465,P Awana,5,14,5,0.0,0.0,0.0,0.0,4,1.6666666666666667,0.0,0.0,0.0,0.0
466,KMDN Kulasekara,5,3,1,0.0,0.0,0.0,0.0,5,0.0,0.0,0.0,0.0,0.0
467,A Zampa,5,8,2,0.0,0.0,0.0,0.0,5,2.5,0.0,0.0,0.0,0.0
468,B Stanlake,5,2,1,0.0,0.0,0.0,0.0,5,0.0,0.0,0.0,0.0,0.0
469,B Laughlin,5,13,4,0.0,0.0,0.0,0.0,4,2.5,0.0,0.0,0.0,0.0
470,GD McGrath,4,5,2,0.0,0.0,0.0,0.0,4,4.0,0.0,0.0,0.0,0.0
471,CRD Fernando,4,3,2,0.0,0.0,0.0,0.0,2,4.0,0.0,0.0,0.0,0.0
472,FH Edwards,4,5,2,0.0,0.0,0.0,0.0,3,4.0,0.0,0.0,0.0,0.0
473,RS Sodhi,4,2,1,0.0,0.0,0.0,0.0,4,0.0,0.0,0.0,0.0,0.0
474,A Uniyal,4,7,2,0.0,0.0,0.0,0.0,4,4.0,0.0,0.0,0.0,0.0
475,DP Nannes,4,13,2,0.0,0.0,0.0,0.0,3,4.0,0.0,0.0,0.0,0.0
476,Kartik Tyagi,4,6,2,0.0,0.0,0.0,0.0,2,4.0,0.0,0.0,0.0,0.0
477,VRV Singh,4,3,2,0.0,0.0,0.0,0.0,4,4.0,0.0,0.0,0.0,0.0
478,Avesh Khan,4,3,1,0.0,0.0,0.0,0.0,4,0.0,0.0,0.0,0.0,0.0
479,A Chandila,4,7,2,0.0,0.0,0.0,0.0,4,4.0,0.0,0.0,0.0,0.0
480,A Dananjaya,4,5,1,0.0,0.0,0.0,0.0,4,0.0,0.0,0.0,0.0,0.0
481,Younis Khan,3,7,1,0.0,0.0,0.0,0.0,3,3.0,0.0,0.0,0.0,0.0
482,GC Viljoen,3,7,3,0.0,0.0,0.0,0.0,2,1.5,0.0,0.0,0.0,0.0
483,Mohammad Asif,3,6,2,0.0,0.0,0.0,0.0,3,1.5,0.0,0.0,0.0,0.0
484,R Ninan,3,6,1,0.0,0.0,0.0,0.0,3,3.0,0.0,0.0,0.0,0.0
485,JE Taylor,3,4,2,0.0,0.0,0.0,0.0,2,0.0,0.0,0.0,0.0,0.0
486,Kamran Khan,3,5,1,0.0,0.0,0.0,0.0,3,3.0,0.0,0.0,0.0,0.0
487,M Prasidh Krishna,3,11,4,0.0,0.0,0.0,0.0,2,3.0,0.0,0.0,0.0,0.0
488,T Natarajan,3,5,2,0.0,0.0,0.0,0.0,3,0.0,0.0,0.0,0.0,0.0
489,D Kalyankrishna,3,8,1,0.0,0.0,0.0,0.0,3,3.0,0.0,0.0,0.0,0.0
490,S Tyagi,3,4,1,0.0,0.0,0.0,0.0,3,0.0,0.0,0.0,0.0,0.0
491,AJ Turner,3,11,4,0.0,0.0,0.0,0.0,3,1.0,0.0,0.0,0.0,0.0
492,BAW Mendis,3,6,3,0.0,0.0,0.0,0.0,2,1.5,0.0,0.0,0.0,0.0
493,Mohammad Ashraful,2,12,1,0.0,0.0,0.0,0.0,2,2.0,0.0,0.0,0.0,0.0
494,Mashrafe Mortaza,2,2,1,0.0,0.0,0.0,0.0,2,0.0,0.0,0.0,0.0,0.0
495,A Singh,2,10,5,0.0,0.0,0.0,0.0,1,0.5,0.0,0.0,0.0,0.0
496,VS Yeligati,2,2,1,0.0,0.0,0.0,0.0,2,2.0,0.0,0.0,0.0,0.0
497,H Das,2,5,1,0.0,0.0,0.0,0.0,2,2.0,0.0,0.0,0.0,0.0
498,Shoaib Akhtar,2,8,1,0.0,0.0,0.0,0.0,2,2.0,0.0,0.0,0.0,0.0
499,RS Gavaskar,2,8,1,0.0,0.0,0.0,0.0,2,2.0,0.0,0.0,0.0,0.0
500,S Randiv,2,4,1,0.0,0.0,0.0,0.0,2,2.0,0.0,0.0,0.0,0.0
501,SB Wagh,2,3,2,0.0,0.0,0.0,0.0,2,1.0,0.0,0.0,0.0,0.0
502,KP Appanna,2,4,3,0.0,0.0,0.0,0.0,1,2.0,0.0,0.0,0.0,0.0
503,RG More,2,2,1,0.0,0.0,0.0,0.0,2,0.0,0.0,0.0,0.0,0.0
504,HF Gurney,1,5,1,0.0,0.0,0.0,0.0,1,0.0,0.0,0.0,0.0,0.0
505,MA Wood,1,5,1,0.0,0.0,0.0,0.0,1,1.0,0.0,0.0,0.0,0.0
506,M de Lange,1,2,1,0.0,0.0,0.0,0.0,1,1.0,0.0,0.0,0.0,0.0
507,LE Plunkett,1,3,2,0.0,0.0,0.0,0.0,1,1.0,0.0,0.0,0.0,0.0
508,SE Bond,1,2,1,0.0,0.0,0.0,0.0,1,1.0,0.0,0.0,0.0,0.0
509,Shahbaz Ahmed,1,1,1,0.0,0.0,0.0,0.0,1,0.0,0.0,0.0,0.0,0.0
510,DJ Muthuswami,1,3,1,0.0,0.0,0.0,0.0,1,1.0,0.0,0.0,0.0,0.0
511,Mustafizur Rahman,1,3,1,0.0,0.0,0.0,0.0,1,1.0,0.0,0.0,0.0,0.0
512,Shoaib Ahmed,1,6,3,0.0,0.0,0.0,0.0,1,0.5,0.0,0.0,0.0,0.0
513,PM Sarvesh Kumar,1,2,1,0.0,0.0,0.0,0.0,1,0.0,0.0,0.0,0.0,0.0
514,NJ Rimmington,1,1,1,0.0,0.0,0.0,0.0,1,0.0,0.0,0.0,0.0,0.0
515,DP Vijaykumar,1,1,1,0.0,0.0,0.0,0.0,1,0.0,0.0,0.0,0.0,0.0
516,P Parameswaran,1,3,2,0.0,0.0,0.0,0.0,1,0.0,0.0,0.0,0.0,0.0
517,BE Hendricks,1,3,2,0.0,0.0,0.0,0.0,1,1.0,0.0,0.0,0.0,0.0
518,Y Prithvi Raj,0,1,1,0.0,0.0,0.0,0.0,0,0.0,0.0,0.0,0.0,0.0
519,Arshdeep Singh,0,3,1,0.0,0.0,0.0,0.0,0,0.0,0.0,0.0,0.0,0.0
520,KK Ahmed,0,3,2,0.0,0.0,0.0,0.0,0,0.0,0.0,0.0,0.0,0.0
521,SS Cottrell,0,2,1,0.0,0.0,0.0,0.0,0,0.0,0.0,0.0,0.0,0.0
522,DR Sams,0,2,1,0.0,0.0,0.0,0.0,0,0.0,0.0,0.0,0.0,0.0
523,L Ablish,0,2,1,0.0,0.0,0.0,0.0,0,0.0,0.0,0.0,0.0,0.0
524,YA Abdulla,0,1,1,0.0,0.0,0.0,0.0,0,0.0,0.0,0.0,0.0,0.0
525,RR Bhatkal,0,2,1,0.0,0.0,0.0,0.0,0,0.0,0.0,0.0,0.0,0.0
526,JL Denly,0,1,1,0.0,0.0,0.0,0.0,0,0.0,0.0,0.0,0.0,0.0
527,C Nanda,0,1,1,0.0,0.0,0.0,0.0,0,0.0,0.0,0.0,0.0,0.0
528,U Kaul,0,1,1,0.0,0.0,0.0,0.0,0,0.0,0.0,0.0,0.0,0.0
529,Sunny Gupta,0,1,1,0.0,0.0,0.0,0.0,0,0.0,0.0,0.0,0.0,0.0
530,S Lamichhane,0,1,1,0.0,0.0,0.0,0.0,0,0.0,0.0,0.0,0.0,0.0
531,S Ladda,0,10,2,0.0,0.0,0.0,0.0,0,0.0,0.0,0.0,0.0,0.0
532,IC Pandey,0,2,1,0.0,0.0,0.0,0.0,0,0.0,0.0,0.0,0.0,0.0
533,S Kaushik,0,1,1,0.0,0.0,0.0,0.0,0,0.0,0.0,0.0,0.0,0.0
534,ND Doshi,0,13,1,0.0,0.0,0.0,0.0,0,0.0,0.0,0.0,0.0,0.0
535,V Pratap Singh,0,1,1,0.0,0.0,0.0,0.0,0,0.0,0.0,0.0,0.0,0.0
536,Abdur Razzak,0,2,1,0.0,0.0,0.0,0.0,0,0.0,0.0,0.0,0.0,0.0
